-- MySQL dump 10.13  Distrib 5.7.20, for osx10.9 (x86_64)
--
-- Host: localhost    Database: cinebot
-- ------------------------------------------------------
-- Server version	5.7.21

/*!40101 SET @OLD_CHARACTER_SET_CLIENT=@@CHARACTER_SET_CLIENT */;
/*!40101 SET @OLD_CHARACTER_SET_RESULTS=@@CHARACTER_SET_RESULTS */;
/*!40101 SET @OLD_COLLATION_CONNECTION=@@COLLATION_CONNECTION */;
/*!40101 SET NAMES utf8 */;
/*!40103 SET @OLD_TIME_ZONE=@@TIME_ZONE */;
/*!40103 SET TIME_ZONE='+00:00' */;
/*!40014 SET @OLD_UNIQUE_CHECKS=@@UNIQUE_CHECKS, UNIQUE_CHECKS=0 */;
/*!40014 SET @OLD_FOREIGN_KEY_CHECKS=@@FOREIGN_KEY_CHECKS, FOREIGN_KEY_CHECKS=0 */;
/*!40101 SET @OLD_SQL_MODE=@@SQL_MODE, SQL_MODE='NO_AUTO_VALUE_ON_ZERO' */;
/*!40111 SET @OLD_SQL_NOTES=@@SQL_NOTES, SQL_NOTES=0 */;

--
-- Table structure for table `Cine`
--

DROP TABLE IF EXISTS `Cine`;
/*!40101 SET @saved_cs_client     = @@character_set_client */;
/*!40101 SET character_set_client = utf8 */;
CREATE TABLE `Cine` (
  `nombre` varchar(255) DEFAULT NULL,
  `enlace` varchar(255) NOT NULL,
  `coordenadaX` double DEFAULT NULL,
  `coordenadaY` double DEFAULT NULL,
  PRIMARY KEY (`enlace`)
) ENGINE=InnoDB DEFAULT CHARSET=utf8;
/*!40101 SET character_set_client = @saved_cs_client */;

--
-- Dumping data for table `Cine`
--

LOCK TABLES `Cine` WRITE;
/*!40000 ALTER TABLE `Cine` DISABLE KEYS */;
INSERT INTO `Cine` VALUES ('Artesiete Alcalá','https://www.ecartelera.com/cines/11,0,1.html',NULL,NULL),('Cinesa Las Rosas 3D','https://www.ecartelera.com/cines/16,0,1.html',NULL,NULL),('Cinesa Proyecciones 3D','https://www.ecartelera.com/cines/17,0,1.html',NULL,NULL),('Yelmo Cines Plaza Norte 2 3D','https://www.ecartelera.com/cines/189,0,1.html',NULL,NULL),('Conde Duque Goya','https://www.ecartelera.com/cines/19,0,1.html',NULL,NULL),('Acteón','https://www.ecartelera.com/cines/2,0,1.html',NULL,NULL),('Cines Princesa','https://www.ecartelera.com/cines/20,0,1.html',NULL,NULL),('Conde Duque Verdi Alberto Aguilera','https://www.ecartelera.com/cines/22,0,1.html',NULL,NULL),('Cine Conde Duque Santa Engracia','https://www.ecartelera.com/cines/23,0,1.html',NULL,NULL),('La Vaguada','https://www.ecartelera.com/cines/30,0,1.html',NULL,NULL),('Morasol','https://www.ecartelera.com/cines/35,0,1.html',NULL,NULL),('Palacio de la Prensa','https://www.ecartelera.com/cines/38,0,1.html',NULL,NULL),('Cines Golem','https://www.ecartelera.com/cines/4,0,1.html',NULL,NULL),('Paz','https://www.ecartelera.com/cines/40,0,1.html',NULL,NULL),('Pequeño Cine Estudio','https://www.ecartelera.com/cines/41,0,1.html',NULL,NULL),('Renoir Plaza de España','https://www.ecartelera.com/cines/44,0,1.html',NULL,NULL),('Renoir Retiro','https://www.ecartelera.com/cines/46,0,1.html',NULL,NULL),('Cine Cité Méndez Álvaro','https://www.ecartelera.com/cines/50,0,1.html',NULL,NULL),('Verdi','https://www.ecartelera.com/cines/51,0,1.html',NULL,NULL),('Cine Cité Manoteras','https://www.ecartelera.com/cines/515,0,1.html',NULL,NULL),('Yelmo Cines Plenilunio','https://www.ecartelera.com/cines/517,0,1.html',NULL,NULL),('La Dehesa Cuadernillos','https://www.ecartelera.com/cines/518,0,1.html',NULL,NULL),('Yelmo Cines Rivas Futura','https://www.ecartelera.com/cines/519,0,1.html',NULL,NULL),('Victoria','https://www.ecartelera.com/cines/52,0,1.html',NULL,NULL),('Cinesa Príncipe Pío 3D','https://www.ecartelera.com/cines/53,0,1.html',NULL,NULL),('Yelmo Cines Ideal','https://www.ecartelera.com/cines/54,0,1.html',NULL,NULL),('Kinepolis Madrid','https://www.ecartelera.com/cines/56,0,1.html',NULL,NULL),('Yelmo Cines Islazul','https://www.ecartelera.com/cines/566,0,1.html',NULL,NULL),('Cine Estudio (Círculo de Bellas Artes)','https://www.ecartelera.com/cines/567,0,1.html',NULL,NULL),('Cine Iberia (Casa de América)','https://www.ecartelera.com/cines/568,0,1.html',NULL,NULL),('Cinesa Xanadú 3D','https://www.ecartelera.com/cines/57,0,1.html',NULL,NULL),('Cinesa La Gavia 3D','https://www.ecartelera.com/cines/570,0,1.html',NULL,NULL),('Fescinal Parque de la Bombilla','https://www.ecartelera.com/cines/571,0,1.html',NULL,NULL),('Los Cines de Pinto','https://www.ecartelera.com/cines/573,0,1.html',NULL,NULL),('Cine-Teatro Gustavo Pérez Puig','https://www.ecartelera.com/cines/574,0,1.html',NULL,NULL),('Kinépolis Heron Diversia','https://www.ecartelera.com/cines/61,0,1.html',NULL,NULL),('Cine de verano - Parque Calero','https://www.ecartelera.com/cines/613,0,1.html',NULL,NULL),('Cinesa La Moraleja 3D','https://www.ecartelera.com/cines/62,0,1.html',NULL,NULL),('Yelmo Cines TresAguas','https://www.ecartelera.com/cines/63,0,1.html',NULL,NULL),('Yelmo Cines Planetocio','https://www.ecartelera.com/cines/68,0,1.html',NULL,NULL),('La Rambla','https://www.ecartelera.com/cines/70,0,1.html',NULL,NULL),('Cinesa Loranca 3D','https://www.ecartelera.com/cines/71,0,1.html',NULL,NULL),('Ciné Cité Getafe','https://www.ecartelera.com/cines/73,0,1.html',NULL,NULL),('Cinesa Heron City Las Rozas 3D','https://www.ecartelera.com/cines/74,0,1.html',NULL,NULL),('Cinesa Parquesur 3D','https://www.ecartelera.com/cines/75,0,1.html',NULL,NULL),('Cines Zoco Majadahonda','https://www.ecartelera.com/cines/77,0,1.html',NULL,NULL),('Cinesa Equinocio 3D','https://www.ecartelera.com/cines/78,0,1.html',NULL,NULL),('Callao','https://www.ecartelera.com/cines/8,0,1.html',NULL,NULL),('Cinebox Parque Corredor','https://www.ecartelera.com/cines/82,0,1.html',NULL,NULL),('Odeón Multicines 3 Cantos','https://www.ecartelera.com/cines/85,0,1.html',NULL,NULL),('Restón Cinema','https://www.ecartelera.com/cines/86,0,1.html',NULL,NULL),('Cinesa Capitol 3D','https://www.ecartelera.com/cines/9,0,1.html',NULL,NULL),('Artistic La Morada','https://www.ecartelera.com/cines/artistic-la-morada/',NULL,NULL),('Artistic Metropol','https://www.ecartelera.com/cines/artistic-metropol/',NULL,NULL),('Autocine Madrid RACE','https://www.ecartelera.com/cines/autocine-madrid-race/',NULL,NULL),('Cine Coliseo de la Cultura','https://www.ecartelera.com/cines/cine-coliseo-de-la-cultura/',NULL,NULL),('Cine Doré Filmoteca Española','https://www.ecartelera.com/cines/cine-dore-filmoteca-espanola/',NULL,NULL),('Cine Séptimo Oficio BurgoCentro','https://www.ecartelera.com/cines/cine-septimo-oficio-burgo-centro/',NULL,NULL),('mk2 Palacio de Hielo (antiguos Cines Dreams)','https://www.ecartelera.com/cines/dreams-cinema-palacio-hielo/',NULL,NULL),('Sala Babel Torrelodones','https://www.ecartelera.com/cines/sala-babel-torrelodones/',NULL,NULL),('Sala Berlanga','https://www.ecartelera.com/cines/sala-berlanga/',NULL,NULL),('Cine Villa del Prado','https://www.ecartelera.com/cines/villa-del-prado/',NULL,NULL);
/*!40000 ALTER TABLE `Cine` ENABLE KEYS */;
UNLOCK TABLES;

--
-- Table structure for table `Pases`
--

DROP TABLE IF EXISTS `Pases`;
/*!40101 SET @saved_cs_client     = @@character_set_client */;
/*!40101 SET character_set_client = utf8 */;
CREATE TABLE `Pases` (
  `nombreCine` varchar(255) NOT NULL,
  `nombrePelicula` varchar(255) NOT NULL,
  `hora` varchar(5) NOT NULL,
  PRIMARY KEY (`nombreCine`,`nombrePelicula`,`hora`),
  KEY `nombrePelicula` (`nombrePelicula`),
  CONSTRAINT `pases_ibfk_1` FOREIGN KEY (`nombrePelicula`) REFERENCES `Pelicula` (`nombre`)
) ENGINE=InnoDB DEFAULT CHARSET=utf8;
/*!40101 SET character_set_client = @saved_cs_client */;

--
-- Dumping data for table `Pases`
--

LOCK TABLES `Pases` WRITE;
/*!40000 ALTER TABLE `Pases` DISABLE KEYS */;
INSERT INTO `Pases` VALUES ('https://www.ecartelera.com/cines/16,0,1.html','Black Panther','21:30'),('https://www.ecartelera.com/cines/50,0,1.html','Black Panther','00:10'),('https://www.ecartelera.com/cines/50,0,1.html','Black Panther','21:20'),('https://www.ecartelera.com/cines/515,0,1.html','Black Panther','00:45'),('https://www.ecartelera.com/cines/515,0,1.html','Black Panther','12:15'),('https://www.ecartelera.com/cines/515,0,1.html','Black Panther','19:20'),('https://www.ecartelera.com/cines/515,0,1.html','Black Panther','22:05'),('https://www.ecartelera.com/cines/518,0,1.html','Black Panther','19:30'),('https://www.ecartelera.com/cines/53,0,1.html','Black Panther','00:20'),('https://www.ecartelera.com/cines/53,0,1.html','Black Panther','12:00'),('https://www.ecartelera.com/cines/53,0,1.html','Black Panther','16:20'),('https://www.ecartelera.com/cines/53,0,1.html','Black Panther','19:15'),('https://www.ecartelera.com/cines/53,0,1.html','Black Panther','22:05'),('https://www.ecartelera.com/cines/57,0,1.html','Black Panther','21:15'),('https://www.ecartelera.com/cines/570,0,1.html','Black Panther','21:50'),('https://www.ecartelera.com/cines/71,0,1.html','Black Panther','00:00'),('https://www.ecartelera.com/cines/71,0,1.html','Black Panther','19:00'),('https://www.ecartelera.com/cines/73,0,1.html','Black Panther','00:50'),('https://www.ecartelera.com/cines/73,0,1.html','Black Panther','12:00'),('https://www.ecartelera.com/cines/73,0,1.html','Black Panther','19:20'),('https://www.ecartelera.com/cines/73,0,1.html','Black Panther','22:05'),('https://www.ecartelera.com/cines/74,0,1.html','Black Panther','17:00'),('https://www.ecartelera.com/cines/74,0,1.html','Black Panther','19:10'),('https://www.ecartelera.com/cines/74,0,1.html','Black Panther','20:00'),('https://www.ecartelera.com/cines/74,0,1.html','Black Panther','22:10'),('https://www.ecartelera.com/cines/74,0,1.html','Black Panther','23:00'),('https://www.ecartelera.com/cines/75,0,1.html','Black Panther','00:40'),('https://www.ecartelera.com/cines/75,0,1.html','Black Panther','12:10'),('https://www.ecartelera.com/cines/75,0,1.html','Black Panther','22:00'),('https://www.ecartelera.com/cines/78,0,1.html','Black Panther','21:00'),('https://www.ecartelera.com/cines/78,0,1.html','Black Panther','23:45'),('https://www.ecartelera.com/cines/dreams-cinema-palacio-hielo/','Black Panther','15:30'),('https://www.ecartelera.com/cines/50,0,1.html','Cavernícola','12:20'),('https://www.ecartelera.com/cines/50,0,1.html','Cavernícola','14:50'),('https://www.ecartelera.com/cines/515,0,1.html','Cavernícola','12:15'),('https://www.ecartelera.com/cines/515,0,1.html','Cavernícola','16:05'),('https://www.ecartelera.com/cines/518,0,1.html','Cavernícola','15:50'),('https://www.ecartelera.com/cines/570,0,1.html','Cavernícola','12:40'),('https://www.ecartelera.com/cines/71,0,1.html','Cavernícola','17:00'),('https://www.ecartelera.com/cines/73,0,1.html','Cavernícola','12:00'),('https://www.ecartelera.com/cines/74,0,1.html','Cavernícola','16:00'),('https://www.ecartelera.com/cines/74,0,1.html','Cavernícola','18:15'),('https://www.ecartelera.com/cines/78,0,1.html','Cavernícola','12:20'),('https://www.ecartelera.com/cines/78,0,1.html','Cavernícola','16:30'),('https://www.ecartelera.com/cines/dreams-cinema-palacio-hielo/','Cavernícola','11:45'),('https://www.ecartelera.com/cines/dreams-cinema-palacio-hielo/','Cavernícola','14:00'),('https://www.ecartelera.com/cines/dreams-cinema-palacio-hielo/','Cavernícola','16:00'),('https://www.ecartelera.com/cines/11,0,1.html','El aviso','16:00'),('https://www.ecartelera.com/cines/11,0,1.html','El aviso','18:20'),('https://www.ecartelera.com/cines/11,0,1.html','El aviso','22:40'),('https://www.ecartelera.com/cines/16,0,1.html','El aviso','16:00'),('https://www.ecartelera.com/cines/16,0,1.html','El aviso','22:40'),('https://www.ecartelera.com/cines/17,0,1.html','El aviso','00:40'),('https://www.ecartelera.com/cines/17,0,1.html','El aviso','15:55'),('https://www.ecartelera.com/cines/17,0,1.html','El aviso','18:35'),('https://www.ecartelera.com/cines/17,0,1.html','El aviso','20:35'),('https://www.ecartelera.com/cines/17,0,1.html','El aviso','22:35'),('https://www.ecartelera.com/cines/20,0,1.html','El aviso','18:10'),('https://www.ecartelera.com/cines/20,0,1.html','El aviso','20:15'),('https://www.ecartelera.com/cines/20,0,1.html','El aviso','22:20'),('https://www.ecartelera.com/cines/23,0,1.html','El aviso','16:05'),('https://www.ecartelera.com/cines/23,0,1.html','El aviso','22:30'),('https://www.ecartelera.com/cines/30,0,1.html','El aviso','11:30'),('https://www.ecartelera.com/cines/30,0,1.html','El aviso','13:00'),('https://www.ecartelera.com/cines/30,0,1.html','El aviso','15:30'),('https://www.ecartelera.com/cines/30,0,1.html','El aviso','17:30'),('https://www.ecartelera.com/cines/30,0,1.html','El aviso','19:30'),('https://www.ecartelera.com/cines/30,0,1.html','El aviso','21:30'),('https://www.ecartelera.com/cines/35,0,1.html','El aviso','20:30'),('https://www.ecartelera.com/cines/35,0,1.html','El aviso','22:15'),('https://www.ecartelera.com/cines/50,0,1.html','El aviso','00:40'),('https://www.ecartelera.com/cines/50,0,1.html','El aviso','12:30'),('https://www.ecartelera.com/cines/50,0,1.html','El aviso','18:25'),('https://www.ecartelera.com/cines/50,0,1.html','El aviso','20:30'),('https://www.ecartelera.com/cines/50,0,1.html','El aviso','22:30'),('https://www.ecartelera.com/cines/515,0,1.html','El aviso','00:45'),('https://www.ecartelera.com/cines/515,0,1.html','El aviso','20:35'),('https://www.ecartelera.com/cines/515,0,1.html','El aviso','22:40'),('https://www.ecartelera.com/cines/518,0,1.html','El aviso','15:50'),('https://www.ecartelera.com/cines/518,0,1.html','El aviso','22:30'),('https://www.ecartelera.com/cines/56,0,1.html','El aviso','16:30'),('https://www.ecartelera.com/cines/56,0,1.html','El aviso','20:30'),('https://www.ecartelera.com/cines/56,0,1.html','El aviso','22:30'),('https://www.ecartelera.com/cines/570,0,1.html','El aviso','00:50'),('https://www.ecartelera.com/cines/570,0,1.html','El aviso','22:50'),('https://www.ecartelera.com/cines/61,0,1.html','El aviso','16:10'),('https://www.ecartelera.com/cines/61,0,1.html','El aviso','20:25'),('https://www.ecartelera.com/cines/61,0,1.html','El aviso','22:35'),('https://www.ecartelera.com/cines/62,0,1.html','El aviso','16:00'),('https://www.ecartelera.com/cines/70,0,1.html','El aviso','20:20'),('https://www.ecartelera.com/cines/70,0,1.html','El aviso','22:20'),('https://www.ecartelera.com/cines/71,0,1.html','El aviso','00:50'),('https://www.ecartelera.com/cines/71,0,1.html','El aviso','16:00'),('https://www.ecartelera.com/cines/71,0,1.html','El aviso','22:45'),('https://www.ecartelera.com/cines/73,0,1.html','El aviso','01:05'),('https://www.ecartelera.com/cines/73,0,1.html','El aviso','20:20'),('https://www.ecartelera.com/cines/73,0,1.html','El aviso','22:30'),('https://www.ecartelera.com/cines/74,0,1.html','El aviso','01:00'),('https://www.ecartelera.com/cines/74,0,1.html','El aviso','16:00'),('https://www.ecartelera.com/cines/74,0,1.html','El aviso','20:15'),('https://www.ecartelera.com/cines/75,0,1.html','El aviso','00:35'),('https://www.ecartelera.com/cines/75,0,1.html','El aviso','22:30'),('https://www.ecartelera.com/cines/78,0,1.html','El aviso','00:30'),('https://www.ecartelera.com/cines/78,0,1.html','El aviso','20:20'),('https://www.ecartelera.com/cines/78,0,1.html','El aviso','22:25'),('https://www.ecartelera.com/cines/82,0,1.html','El aviso','00:40'),('https://www.ecartelera.com/cines/82,0,1.html','El aviso','22:35'),('https://www.ecartelera.com/cines/86,0,1.html','El aviso','20:05'),('https://www.ecartelera.com/cines/86,0,1.html','El aviso','22:10'),('https://www.ecartelera.com/cines/cine-septimo-oficio-burgo-centro/','El aviso','18:00'),('https://www.ecartelera.com/cines/cine-septimo-oficio-burgo-centro/','El aviso','20:15'),('https://www.ecartelera.com/cines/cine-septimo-oficio-burgo-centro/','El aviso','22:30'),('https://www.ecartelera.com/cines/dreams-cinema-palacio-hielo/','El aviso','18:05'),('https://www.ecartelera.com/cines/dreams-cinema-palacio-hielo/','El aviso','20:05'),('https://www.ecartelera.com/cines/dreams-cinema-palacio-hielo/','El aviso','22:05'),('https://www.ecartelera.com/cines/518,0,1.html','El Cairo confidencial','18:00'),('https://www.ecartelera.com/cines/518,0,1.html','El Cairo confidencial','20:20'),('https://www.ecartelera.com/cines/518,0,1.html','El Cairo confidencial','22:40'),('https://www.ecartelera.com/cines/56,0,1.html','El Cairo confidencial','17:30'),('https://www.ecartelera.com/cines/56,0,1.html','El Cairo confidencial','20:00'),('https://www.ecartelera.com/cines/56,0,1.html','El Cairo confidencial','22:30'),('https://www.ecartelera.com/cines/dreams-cinema-palacio-hielo/','El Cairo confidencial','11:40'),('https://www.ecartelera.com/cines/dreams-cinema-palacio-hielo/','El Cairo confidencial','13:55'),('https://www.ecartelera.com/cines/dreams-cinema-palacio-hielo/','El Cairo confidencial','16:05'),('https://www.ecartelera.com/cines/dreams-cinema-palacio-hielo/','El Cairo confidencial','18:20'),('https://www.ecartelera.com/cines/dreams-cinema-palacio-hielo/','El Cairo confidencial','20:35'),('https://www.ecartelera.com/cines/dreams-cinema-palacio-hielo/','El Cairo confidencial','22:50'),('https://www.ecartelera.com/cines/16,0,1.html','El hijo de Bigfoot','18:00'),('https://www.ecartelera.com/cines/17,0,1.html','El hijo de Bigfoot','12:30'),('https://www.ecartelera.com/cines/17,0,1.html','El hijo de Bigfoot','16:00'),('https://www.ecartelera.com/cines/19,0,1.html','El hijo de Bigfoot','11:30'),('https://www.ecartelera.com/cines/30,0,1.html','El hijo de Bigfoot','11:30'),('https://www.ecartelera.com/cines/30,0,1.html','El hijo de Bigfoot','14:00'),('https://www.ecartelera.com/cines/30,0,1.html','El hijo de Bigfoot','16:00'),('https://www.ecartelera.com/cines/30,0,1.html','El hijo de Bigfoot','18:00'),('https://www.ecartelera.com/cines/30,0,1.html','El hijo de Bigfoot','20:15'),('https://www.ecartelera.com/cines/35,0,1.html','El hijo de Bigfoot','16:30'),('https://www.ecartelera.com/cines/50,0,1.html','El hijo de Bigfoot','12:30'),('https://www.ecartelera.com/cines/50,0,1.html','El hijo de Bigfoot','14:30'),('https://www.ecartelera.com/cines/50,0,1.html','El hijo de Bigfoot','16:25'),('https://www.ecartelera.com/cines/515,0,1.html','El hijo de Bigfoot','12:10'),('https://www.ecartelera.com/cines/515,0,1.html','El hijo de Bigfoot','16:10'),('https://www.ecartelera.com/cines/515,0,1.html','El hijo de Bigfoot','18:15'),('https://www.ecartelera.com/cines/518,0,1.html','El hijo de Bigfoot','17:20'),('https://www.ecartelera.com/cines/53,0,1.html','El hijo de Bigfoot','15:45'),('https://www.ecartelera.com/cines/56,0,1.html','El hijo de Bigfoot','16:30'),('https://www.ecartelera.com/cines/56,0,1.html','El hijo de Bigfoot','19:15'),('https://www.ecartelera.com/cines/57,0,1.html','El hijo de Bigfoot','16:00'),('https://www.ecartelera.com/cines/570,0,1.html','El hijo de Bigfoot','12:45'),('https://www.ecartelera.com/cines/570,0,1.html','El hijo de Bigfoot','15:50'),('https://www.ecartelera.com/cines/61,0,1.html','El hijo de Bigfoot','15:25'),('https://www.ecartelera.com/cines/61,0,1.html','El hijo de Bigfoot','17:25'),('https://www.ecartelera.com/cines/61,0,1.html','El hijo de Bigfoot','19:25'),('https://www.ecartelera.com/cines/62,0,1.html','El hijo de Bigfoot','16:00'),('https://www.ecartelera.com/cines/62,0,1.html','El hijo de Bigfoot','18:15'),('https://www.ecartelera.com/cines/70,0,1.html','El hijo de Bigfoot','16:00'),('https://www.ecartelera.com/cines/70,0,1.html','El hijo de Bigfoot','17:30'),('https://www.ecartelera.com/cines/71,0,1.html','El hijo de Bigfoot','16:00'),('https://www.ecartelera.com/cines/71,0,1.html','El hijo de Bigfoot','18:15'),('https://www.ecartelera.com/cines/73,0,1.html','El hijo de Bigfoot','12:30'),('https://www.ecartelera.com/cines/73,0,1.html','El hijo de Bigfoot','15:50'),('https://www.ecartelera.com/cines/73,0,1.html','El hijo de Bigfoot','18:00'),('https://www.ecartelera.com/cines/74,0,1.html','El hijo de Bigfoot','15:50'),('https://www.ecartelera.com/cines/74,0,1.html','El hijo de Bigfoot','18:05'),('https://www.ecartelera.com/cines/75,0,1.html','El hijo de Bigfoot','12:10'),('https://www.ecartelera.com/cines/75,0,1.html','El hijo de Bigfoot','16:05'),('https://www.ecartelera.com/cines/78,0,1.html','El hijo de Bigfoot','12:10'),('https://www.ecartelera.com/cines/78,0,1.html','El hijo de Bigfoot','15:45'),('https://www.ecartelera.com/cines/78,0,1.html','El hijo de Bigfoot','17:50'),('https://www.ecartelera.com/cines/82,0,1.html','El hijo de Bigfoot','12:30'),('https://www.ecartelera.com/cines/82,0,1.html','El hijo de Bigfoot','15:50'),('https://www.ecartelera.com/cines/85,0,1.html','El hijo de Bigfoot','16:00'),('https://www.ecartelera.com/cines/86,0,1.html','El hijo de Bigfoot','12:00'),('https://www.ecartelera.com/cines/86,0,1.html','El hijo de Bigfoot','16:00'),('https://www.ecartelera.com/cines/cine-septimo-oficio-burgo-centro/','El hijo de Bigfoot','17:30'),('https://www.ecartelera.com/cines/dreams-cinema-palacio-hielo/','El hijo de Bigfoot','16:00'),('https://www.ecartelera.com/cines/dreams-cinema-palacio-hielo/','El hijo de Bigfoot','18:00'),('https://www.ecartelera.com/cines/11,0,1.html','Gorrión rojo','15:50'),('https://www.ecartelera.com/cines/11,0,1.html','Gorrión rojo','18:00'),('https://www.ecartelera.com/cines/11,0,1.html','Gorrión rojo','20:10'),('https://www.ecartelera.com/cines/11,0,1.html','Gorrión rojo','22:30'),('https://www.ecartelera.com/cines/16,0,1.html','Gorrión rojo','00:20'),('https://www.ecartelera.com/cines/16,0,1.html','Gorrión rojo','18:30'),('https://www.ecartelera.com/cines/16,0,1.html','Gorrión rojo','21:30'),('https://www.ecartelera.com/cines/17,0,1.html','Gorrión rojo','00:40'),('https://www.ecartelera.com/cines/17,0,1.html','Gorrión rojo','19:00'),('https://www.ecartelera.com/cines/17,0,1.html','Gorrión rojo','21:50'),('https://www.ecartelera.com/cines/23,0,1.html','Gorrión rojo','22:00'),('https://www.ecartelera.com/cines/30,0,1.html','Gorrión rojo','21:45'),('https://www.ecartelera.com/cines/35,0,1.html','Gorrión rojo','17:00'),('https://www.ecartelera.com/cines/35,0,1.html','Gorrión rojo','19:35'),('https://www.ecartelera.com/cines/35,0,1.html','Gorrión rojo','22:00'),('https://www.ecartelera.com/cines/50,0,1.html','Gorrión rojo','00:25'),('https://www.ecartelera.com/cines/50,0,1.html','Gorrión rojo','18:30'),('https://www.ecartelera.com/cines/50,0,1.html','Gorrión rojo','21:30'),('https://www.ecartelera.com/cines/515,0,1.html','Gorrión rojo','00:30'),('https://www.ecartelera.com/cines/515,0,1.html','Gorrión rojo','12:10'),('https://www.ecartelera.com/cines/515,0,1.html','Gorrión rojo','16:00'),('https://www.ecartelera.com/cines/515,0,1.html','Gorrión rojo','16:10'),('https://www.ecartelera.com/cines/515,0,1.html','Gorrión rojo','19:00'),('https://www.ecartelera.com/cines/515,0,1.html','Gorrión rojo','21:50'),('https://www.ecartelera.com/cines/518,0,1.html','Gorrión rojo','19:40'),('https://www.ecartelera.com/cines/518,0,1.html','Gorrión rojo','22:20'),('https://www.ecartelera.com/cines/53,0,1.html','Gorrión rojo','16:05'),('https://www.ecartelera.com/cines/53,0,1.html','Gorrión rojo','18:50'),('https://www.ecartelera.com/cines/53,0,1.html','Gorrión rojo','22:20'),('https://www.ecartelera.com/cines/56,0,1.html','Gorrión rojo','17:30'),('https://www.ecartelera.com/cines/56,0,1.html','Gorrión rojo','19:00'),('https://www.ecartelera.com/cines/56,0,1.html','Gorrión rojo','20:15'),('https://www.ecartelera.com/cines/56,0,1.html','Gorrión rojo','22:00'),('https://www.ecartelera.com/cines/56,0,1.html','Gorrión rojo','23:15'),('https://www.ecartelera.com/cines/57,0,1.html','Gorrión rojo','00:10'),('https://www.ecartelera.com/cines/57,0,1.html','Gorrión rojo','21:15'),('https://www.ecartelera.com/cines/570,0,1.html','Gorrión rojo','00:30'),('https://www.ecartelera.com/cines/570,0,1.html','Gorrión rojo','18:50'),('https://www.ecartelera.com/cines/570,0,1.html','Gorrión rojo','21:40'),('https://www.ecartelera.com/cines/61,0,1.html','Gorrión rojo','19:55'),('https://www.ecartelera.com/cines/61,0,1.html','Gorrión rojo','22:00'),('https://www.ecartelera.com/cines/62,0,1.html','Gorrión rojo','22:00'),('https://www.ecartelera.com/cines/71,0,1.html','Gorrión rojo','00:30'),('https://www.ecartelera.com/cines/71,0,1.html','Gorrión rojo','18:45'),('https://www.ecartelera.com/cines/71,0,1.html','Gorrión rojo','21:35'),('https://www.ecartelera.com/cines/73,0,1.html','Gorrión rojo','00:30'),('https://www.ecartelera.com/cines/73,0,1.html','Gorrión rojo','12:00'),('https://www.ecartelera.com/cines/73,0,1.html','Gorrión rojo','16:00'),('https://www.ecartelera.com/cines/73,0,1.html','Gorrión rojo','18:55'),('https://www.ecartelera.com/cines/73,0,1.html','Gorrión rojo','22:00'),('https://www.ecartelera.com/cines/74,0,1.html','Gorrión rojo','17:00'),('https://www.ecartelera.com/cines/74,0,1.html','Gorrión rojo','19:00'),('https://www.ecartelera.com/cines/74,0,1.html','Gorrión rojo','20:00'),('https://www.ecartelera.com/cines/74,0,1.html','Gorrión rojo','22:00'),('https://www.ecartelera.com/cines/74,0,1.html','Gorrión rojo','23:00'),('https://www.ecartelera.com/cines/75,0,1.html','Gorrión rojo','19:15'),('https://www.ecartelera.com/cines/75,0,1.html','Gorrión rojo','22:10'),('https://www.ecartelera.com/cines/78,0,1.html','Gorrión rojo','18:30'),('https://www.ecartelera.com/cines/78,0,1.html','Gorrión rojo','21:20'),('https://www.ecartelera.com/cines/82,0,1.html','Gorrión rojo','00:30'),('https://www.ecartelera.com/cines/82,0,1.html','Gorrión rojo','19:00'),('https://www.ecartelera.com/cines/82,0,1.html','Gorrión rojo','21:50'),('https://www.ecartelera.com/cines/85,0,1.html','Gorrión rojo','22:15'),('https://www.ecartelera.com/cines/dreams-cinema-palacio-hielo/','Gorrión rojo','11:30'),('https://www.ecartelera.com/cines/dreams-cinema-palacio-hielo/','Gorrión rojo','14:15'),('https://www.ecartelera.com/cines/dreams-cinema-palacio-hielo/','Gorrión rojo','17:00'),('https://www.ecartelera.com/cines/dreams-cinema-palacio-hielo/','Gorrión rojo','19:45'),('https://www.ecartelera.com/cines/dreams-cinema-palacio-hielo/','Gorrión rojo','22:30'),('https://www.ecartelera.com/cines/51,0,1.html','La casa junto al mar','VOSE:'),('https://www.ecartelera.com/cines/77,0,1.html','La casa junto al mar','18:05'),('https://www.ecartelera.com/cines/77,0,1.html','La casa junto al mar','20:00'),('https://www.ecartelera.com/cines/dreams-cinema-palacio-hielo/','La casa junto al mar','18:00'),('https://www.ecartelera.com/cines/dreams-cinema-palacio-hielo/','La casa junto al mar','20:15'),('https://www.ecartelera.com/cines/dreams-cinema-palacio-hielo/','La casa junto al mar','22:30'),('https://www.ecartelera.com/cines/11,0,1.html','La forma del agua','20:30'),('https://www.ecartelera.com/cines/11,0,1.html','La forma del agua','22:40'),('https://www.ecartelera.com/cines/16,0,1.html','La forma del agua','22:00'),('https://www.ecartelera.com/cines/17,0,1.html','La forma del agua','00:45'),('https://www.ecartelera.com/cines/17,0,1.html','La forma del agua','19:45'),('https://www.ecartelera.com/cines/17,0,1.html','La forma del agua','22:15'),('https://www.ecartelera.com/cines/30,0,1.html','La forma del agua','13:00'),('https://www.ecartelera.com/cines/35,0,1.html','La forma del agua','17:15'),('https://www.ecartelera.com/cines/35,0,1.html','La forma del agua','19:35'),('https://www.ecartelera.com/cines/35,0,1.html','La forma del agua','22:00'),('https://www.ecartelera.com/cines/50,0,1.html','La forma del agua','00:45'),('https://www.ecartelera.com/cines/50,0,1.html','La forma del agua','12:15'),('https://www.ecartelera.com/cines/50,0,1.html','La forma del agua','19:25'),('https://www.ecartelera.com/cines/50,0,1.html','La forma del agua','22:10'),('https://www.ecartelera.com/cines/51,0,1.html','La forma del agua','VOSE:'),('https://www.ecartelera.com/cines/515,0,1.html','La forma del agua','00:45'),('https://www.ecartelera.com/cines/515,0,1.html','La forma del agua','12:00'),('https://www.ecartelera.com/cines/515,0,1.html','La forma del agua','17:00'),('https://www.ecartelera.com/cines/515,0,1.html','La forma del agua','19:35'),('https://www.ecartelera.com/cines/515,0,1.html','La forma del agua','22:10'),('https://www.ecartelera.com/cines/518,0,1.html','La forma del agua','20:30'),('https://www.ecartelera.com/cines/53,0,1.html','La forma del agua','19:50'),('https://www.ecartelera.com/cines/53,0,1.html','La forma del agua','22:20'),('https://www.ecartelera.com/cines/56,0,1.html','La forma del agua','16:30'),('https://www.ecartelera.com/cines/56,0,1.html','La forma del agua','19:15'),('https://www.ecartelera.com/cines/56,0,1.html','La forma del agua','22:00'),('https://www.ecartelera.com/cines/57,0,1.html','La forma del agua','22:20'),('https://www.ecartelera.com/cines/570,0,1.html','La forma del agua','20:00'),('https://www.ecartelera.com/cines/570,0,1.html','La forma del agua','22:30'),('https://www.ecartelera.com/cines/61,0,1.html','La forma del agua','22:35'),('https://www.ecartelera.com/cines/62,0,1.html','La forma del agua','22:00'),('https://www.ecartelera.com/cines/71,0,1.html','La forma del agua','19:05'),('https://www.ecartelera.com/cines/71,0,1.html','La forma del agua','22:10'),('https://www.ecartelera.com/cines/73,0,1.html','La forma del agua','00:35'),('https://www.ecartelera.com/cines/73,0,1.html','La forma del agua','19:00'),('https://www.ecartelera.com/cines/73,0,1.html','La forma del agua','22:00'),('https://www.ecartelera.com/cines/74,0,1.html','La forma del agua','16:30'),('https://www.ecartelera.com/cines/74,0,1.html','La forma del agua','19:15'),('https://www.ecartelera.com/cines/74,0,1.html','La forma del agua','22:00'),('https://www.ecartelera.com/cines/75,0,1.html','La forma del agua','16:00'),('https://www.ecartelera.com/cines/78,0,1.html','La forma del agua','19:45'),('https://www.ecartelera.com/cines/78,0,1.html','La forma del agua','22:20'),('https://www.ecartelera.com/cines/8,0,1.html','La forma del agua','16:00'),('https://www.ecartelera.com/cines/8,0,1.html','La forma del agua','18:30'),('https://www.ecartelera.com/cines/8,0,1.html','La forma del agua','21:15'),('https://www.ecartelera.com/cines/85,0,1.html','La forma del agua','22:15'),('https://www.ecartelera.com/cines/dreams-cinema-palacio-hielo/','La forma del agua','19:00'),('https://www.ecartelera.com/cines/dreams-cinema-palacio-hielo/','La forma del agua','21:30'),('https://www.ecartelera.com/cines/11,0,1.html','La tribu','15:50'),('https://www.ecartelera.com/cines/11,0,1.html','La tribu','17:30'),('https://www.ecartelera.com/cines/11,0,1.html','La tribu','20:40'),('https://www.ecartelera.com/cines/11,0,1.html','La tribu','22:00'),('https://www.ecartelera.com/cines/16,0,1.html','La tribu','16:00'),('https://www.ecartelera.com/cines/16,0,1.html','La tribu','18:00'),('https://www.ecartelera.com/cines/16,0,1.html','La tribu','20:00'),('https://www.ecartelera.com/cines/17,0,1.html','La tribu','00:00'),('https://www.ecartelera.com/cines/17,0,1.html','La tribu','16:00'),('https://www.ecartelera.com/cines/17,0,1.html','La tribu','18:00'),('https://www.ecartelera.com/cines/17,0,1.html','La tribu','20:00'),('https://www.ecartelera.com/cines/17,0,1.html','La tribu','22:00'),('https://www.ecartelera.com/cines/20,0,1.html','La tribu','18:30'),('https://www.ecartelera.com/cines/23,0,1.html','La tribu','16:15'),('https://www.ecartelera.com/cines/30,0,1.html','La tribu','11:30'),('https://www.ecartelera.com/cines/30,0,1.html','La tribu','13:30'),('https://www.ecartelera.com/cines/30,0,1.html','La tribu','15:30'),('https://www.ecartelera.com/cines/30,0,1.html','La tribu','17:30'),('https://www.ecartelera.com/cines/30,0,1.html','La tribu','19:45'),('https://www.ecartelera.com/cines/30,0,1.html','La tribu','21:45'),('https://www.ecartelera.com/cines/35,0,1.html','La tribu','16:15'),('https://www.ecartelera.com/cines/35,0,1.html','La tribu','18:30'),('https://www.ecartelera.com/cines/35,0,1.html','La tribu','20:35'),('https://www.ecartelera.com/cines/35,0,1.html','La tribu','22:20'),('https://www.ecartelera.com/cines/50,0,1.html','La tribu','00:50'),('https://www.ecartelera.com/cines/50,0,1.html','La tribu','12:20'),('https://www.ecartelera.com/cines/50,0,1.html','La tribu','14:25'),('https://www.ecartelera.com/cines/50,0,1.html','La tribu','16:40'),('https://www.ecartelera.com/cines/50,0,1.html','La tribu','18:40'),('https://www.ecartelera.com/cines/50,0,1.html','La tribu','20:40'),('https://www.ecartelera.com/cines/50,0,1.html','La tribu','22:40'),('https://www.ecartelera.com/cines/515,0,1.html','La tribu','00:30'),('https://www.ecartelera.com/cines/515,0,1.html','La tribu','12:00'),('https://www.ecartelera.com/cines/515,0,1.html','La tribu','15:50'),('https://www.ecartelera.com/cines/515,0,1.html','La tribu','17:50'),('https://www.ecartelera.com/cines/515,0,1.html','La tribu','20:30'),('https://www.ecartelera.com/cines/515,0,1.html','La tribu','22:30'),('https://www.ecartelera.com/cines/518,0,1.html','La tribu','18:30'),('https://www.ecartelera.com/cines/518,0,1.html','La tribu','20:30'),('https://www.ecartelera.com/cines/518,0,1.html','La tribu','22:30'),('https://www.ecartelera.com/cines/53,0,1.html','La tribu','00:50'),('https://www.ecartelera.com/cines/53,0,1.html','La tribu','12:20'),('https://www.ecartelera.com/cines/53,0,1.html','La tribu','15:50'),('https://www.ecartelera.com/cines/53,0,1.html','La tribu','17:50'),('https://www.ecartelera.com/cines/53,0,1.html','La tribu','20:05'),('https://www.ecartelera.com/cines/53,0,1.html','La tribu','22:15'),('https://www.ecartelera.com/cines/56,0,1.html','La tribu','16:00'),('https://www.ecartelera.com/cines/56,0,1.html','La tribu','18:00'),('https://www.ecartelera.com/cines/56,0,1.html','La tribu','20:15'),('https://www.ecartelera.com/cines/56,0,1.html','La tribu','22:30'),('https://www.ecartelera.com/cines/57,0,1.html','La tribu','01:00'),('https://www.ecartelera.com/cines/57,0,1.html','La tribu','15:50'),('https://www.ecartelera.com/cines/57,0,1.html','La tribu','18:20'),('https://www.ecartelera.com/cines/57,0,1.html','La tribu','20:40'),('https://www.ecartelera.com/cines/57,0,1.html','La tribu','22:40'),('https://www.ecartelera.com/cines/570,0,1.html','La tribu','01:00'),('https://www.ecartelera.com/cines/570,0,1.html','La tribu','12:00'),('https://www.ecartelera.com/cines/570,0,1.html','La tribu','16:20'),('https://www.ecartelera.com/cines/570,0,1.html','La tribu','18:20'),('https://www.ecartelera.com/cines/570,0,1.html','La tribu','20:20'),('https://www.ecartelera.com/cines/570,0,1.html','La tribu','22:20'),('https://www.ecartelera.com/cines/61,0,1.html','La tribu','16:15'),('https://www.ecartelera.com/cines/61,0,1.html','La tribu','18:20'),('https://www.ecartelera.com/cines/61,0,1.html','La tribu','20:25'),('https://www.ecartelera.com/cines/61,0,1.html','La tribu','22:35'),('https://www.ecartelera.com/cines/62,0,1.html','La tribu','18:00'),('https://www.ecartelera.com/cines/62,0,1.html','La tribu','20:30'),('https://www.ecartelera.com/cines/62,0,1.html','La tribu','22:30'),('https://www.ecartelera.com/cines/70,0,1.html','La tribu','19:00'),('https://www.ecartelera.com/cines/70,0,1.html','La tribu','20:30'),('https://www.ecartelera.com/cines/70,0,1.html','La tribu','22:15'),('https://www.ecartelera.com/cines/71,0,1.html','La tribu','00:50'),('https://www.ecartelera.com/cines/71,0,1.html','La tribu','16:00'),('https://www.ecartelera.com/cines/71,0,1.html','La tribu','18:15'),('https://www.ecartelera.com/cines/71,0,1.html','La tribu','20:15'),('https://www.ecartelera.com/cines/71,0,1.html','La tribu','22:45'),('https://www.ecartelera.com/cines/73,0,1.html','La tribu','01:00'),('https://www.ecartelera.com/cines/73,0,1.html','La tribu','12:20'),('https://www.ecartelera.com/cines/73,0,1.html','La tribu','16:00'),('https://www.ecartelera.com/cines/73,0,1.html','La tribu','18:05'),('https://www.ecartelera.com/cines/73,0,1.html','La tribu','20:15'),('https://www.ecartelera.com/cines/73,0,1.html','La tribu','22:20'),('https://www.ecartelera.com/cines/74,0,1.html','La tribu','00:45'),('https://www.ecartelera.com/cines/74,0,1.html','La tribu','16:00'),('https://www.ecartelera.com/cines/74,0,1.html','La tribu','18:05'),('https://www.ecartelera.com/cines/74,0,1.html','La tribu','20:25'),('https://www.ecartelera.com/cines/74,0,1.html','La tribu','22:25'),('https://www.ecartelera.com/cines/75,0,1.html','La tribu','00:45'),('https://www.ecartelera.com/cines/75,0,1.html','La tribu','12:10'),('https://www.ecartelera.com/cines/75,0,1.html','La tribu','16:10'),('https://www.ecartelera.com/cines/75,0,1.html','La tribu','18:10'),('https://www.ecartelera.com/cines/75,0,1.html','La tribu','20:20'),('https://www.ecartelera.com/cines/75,0,1.html','La tribu','22:35'),('https://www.ecartelera.com/cines/78,0,1.html','La tribu','00:30'),('https://www.ecartelera.com/cines/78,0,1.html','La tribu','12:00'),('https://www.ecartelera.com/cines/78,0,1.html','La tribu','17:00'),('https://www.ecartelera.com/cines/78,0,1.html','La tribu','19:30'),('https://www.ecartelera.com/cines/78,0,1.html','La tribu','20:30'),('https://www.ecartelera.com/cines/78,0,1.html','La tribu','22:30'),('https://www.ecartelera.com/cines/82,0,1.html','La tribu','00:15'),('https://www.ecartelera.com/cines/82,0,1.html','La tribu','12:15'),('https://www.ecartelera.com/cines/82,0,1.html','La tribu','16:20'),('https://www.ecartelera.com/cines/82,0,1.html','La tribu','18:20'),('https://www.ecartelera.com/cines/82,0,1.html','La tribu','20:00'),('https://www.ecartelera.com/cines/82,0,1.html','La tribu','22:10'),('https://www.ecartelera.com/cines/85,0,1.html','La tribu','16:00'),('https://www.ecartelera.com/cines/85,0,1.html','La tribu','18:15'),('https://www.ecartelera.com/cines/85,0,1.html','La tribu','20:45'),('https://www.ecartelera.com/cines/85,0,1.html','La tribu','22:30'),('https://www.ecartelera.com/cines/86,0,1.html','La tribu','18:00'),('https://www.ecartelera.com/cines/86,0,1.html','La tribu','20:20'),('https://www.ecartelera.com/cines/86,0,1.html','La tribu','22:20'),('https://www.ecartelera.com/cines/cine-septimo-oficio-burgo-centro/','La tribu','20:00'),('https://www.ecartelera.com/cines/dreams-cinema-palacio-hielo/','La tribu','12:30'),('https://www.ecartelera.com/cines/dreams-cinema-palacio-hielo/','La tribu','14:30'),('https://www.ecartelera.com/cines/dreams-cinema-palacio-hielo/','La tribu','16:30'),('https://www.ecartelera.com/cines/dreams-cinema-palacio-hielo/','La tribu','18:30'),('https://www.ecartelera.com/cines/dreams-cinema-palacio-hielo/','La tribu','20:30'),('https://www.ecartelera.com/cines/dreams-cinema-palacio-hielo/','La tribu','22:30'),('https://www.ecartelera.com/cines/51,0,1.html','Lady Bird','VOSE:'),('https://www.ecartelera.com/cines/515,0,1.html','Lady Bird','21:10'),('https://www.ecartelera.com/cines/74,0,1.html','Lady Bird','22:40'),('https://www.ecartelera.com/cines/cine-septimo-oficio-burgo-centro/','Lady Bird','17:45'),('https://www.ecartelera.com/cines/dreams-cinema-palacio-hielo/','Lady Bird','22:15'),('https://www.ecartelera.com/cines/11,0,1.html','Loving Pablo','22:40'),('https://www.ecartelera.com/cines/50,0,1.html','Loving Pablo','22:20'),('https://www.ecartelera.com/cines/515,0,1.html','Loving Pablo','00:30'),('https://www.ecartelera.com/cines/515,0,1.html','Loving Pablo','21:50'),('https://www.ecartelera.com/cines/518,0,1.html','Loving Pablo','21:30'),('https://www.ecartelera.com/cines/57,0,1.html','Loving Pablo','00:40'),('https://www.ecartelera.com/cines/570,0,1.html','Loving Pablo','00:30'),('https://www.ecartelera.com/cines/62,0,1.html','Loving Pablo','22:00'),('https://www.ecartelera.com/cines/71,0,1.html','Loving Pablo','00:10'),('https://www.ecartelera.com/cines/71,0,1.html','Loving Pablo','21:30'),('https://www.ecartelera.com/cines/73,0,1.html','Loving Pablo','20:45'),('https://www.ecartelera.com/cines/73,0,1.html','Loving Pablo','23:30'),('https://www.ecartelera.com/cines/74,0,1.html','Loving Pablo','19:45'),('https://www.ecartelera.com/cines/74,0,1.html','Loving Pablo','22:25'),('https://www.ecartelera.com/cines/75,0,1.html','Loving Pablo','22:05'),('https://www.ecartelera.com/cines/77,0,1.html','Loving Pablo','22:10'),('https://www.ecartelera.com/cines/78,0,1.html','Loving Pablo','22:10'),('https://www.ecartelera.com/cines/dreams-cinema-palacio-hielo/','Loving Pablo','20:20'),('https://www.ecartelera.com/cines/11,0,1.html','María Magdalena','15:50'),('https://www.ecartelera.com/cines/11,0,1.html','María Magdalena','18:00'),('https://www.ecartelera.com/cines/17,0,1.html','María Magdalena','16:15'),('https://www.ecartelera.com/cines/19,0,1.html','María Magdalena','16:00'),('https://www.ecartelera.com/cines/35,0,1.html','María Magdalena','20:20'),('https://www.ecartelera.com/cines/38,0,1.html','María Magdalena','20:50'),('https://www.ecartelera.com/cines/50,0,1.html','María Magdalena','21:50'),('https://www.ecartelera.com/cines/515,0,1.html','María Magdalena','00:00'),('https://www.ecartelera.com/cines/518,0,1.html','María Magdalena','19:00'),('https://www.ecartelera.com/cines/70,0,1.html','María Magdalena','20:05'),('https://www.ecartelera.com/cines/73,0,1.html','María Magdalena','15:45'),('https://www.ecartelera.com/cines/74,0,1.html','María Magdalena','21:05'),('https://www.ecartelera.com/cines/75,0,1.html','María Magdalena','12:10'),('https://www.ecartelera.com/cines/77,0,1.html','María Magdalena','16:00'),('https://www.ecartelera.com/cines/85,0,1.html','María Magdalena','20:00'),('https://www.ecartelera.com/cines/86,0,1.html','María Magdalena','20:10'),('https://www.ecartelera.com/cines/dreams-cinema-palacio-hielo/','María Magdalena','22:00'),('https://www.ecartelera.com/cines/11,0,1.html','Pacific Rim: Insurrección','15:50'),('https://www.ecartelera.com/cines/11,0,1.html','Pacific Rim: Insurrección','18:30'),('https://www.ecartelera.com/cines/11,0,1.html','Pacific Rim: Insurrección','20:40'),('https://www.ecartelera.com/cines/11,0,1.html','Pacific Rim: Insurrección','22:50'),('https://www.ecartelera.com/cines/16,0,1.html','Pacific Rim: Insurrección','00:40'),('https://www.ecartelera.com/cines/16,0,1.html','Pacific Rim: Insurrección','15:55'),('https://www.ecartelera.com/cines/16,0,1.html','Pacific Rim: Insurrección','20:00'),('https://www.ecartelera.com/cines/16,0,1.html','Pacific Rim: Insurrección','22:20'),('https://www.ecartelera.com/cines/17,0,1.html','Pacific Rim: Insurrección','00:00'),('https://www.ecartelera.com/cines/17,0,1.html','Pacific Rim: Insurrección','12:00'),('https://www.ecartelera.com/cines/17,0,1.html','Pacific Rim: Insurrección','16:30'),('https://www.ecartelera.com/cines/17,0,1.html','Pacific Rim: Insurrección','19:00'),('https://www.ecartelera.com/cines/17,0,1.html','Pacific Rim: Insurrección','21:30'),('https://www.ecartelera.com/cines/30,0,1.html','Pacific Rim: Insurrección','11:00'),('https://www.ecartelera.com/cines/30,0,1.html','Pacific Rim: Insurrección','13:15'),('https://www.ecartelera.com/cines/30,0,1.html','Pacific Rim: Insurrección','15:30'),('https://www.ecartelera.com/cines/30,0,1.html','Pacific Rim: Insurrección','17:45'),('https://www.ecartelera.com/cines/30,0,1.html','Pacific Rim: Insurrección','20:00'),('https://www.ecartelera.com/cines/30,0,1.html','Pacific Rim: Insurrección','22:15'),('https://www.ecartelera.com/cines/35,0,1.html','Pacific Rim: Insurrección','18:15'),('https://www.ecartelera.com/cines/50,0,1.html','Pacific Rim: Insurrección','01:00'),('https://www.ecartelera.com/cines/50,0,1.html','Pacific Rim: Insurrección','12:25'),('https://www.ecartelera.com/cines/50,0,1.html','Pacific Rim: Insurrección','15:15'),('https://www.ecartelera.com/cines/50,0,1.html','Pacific Rim: Insurrección','17:40'),('https://www.ecartelera.com/cines/50,0,1.html','Pacific Rim: Insurrección','20:10'),('https://www.ecartelera.com/cines/50,0,1.html','Pacific Rim: Insurrección','22:35'),('https://www.ecartelera.com/cines/515,0,1.html','Pacific Rim: Insurrección','00:55'),('https://www.ecartelera.com/cines/515,0,1.html','Pacific Rim: Insurrección','12:10'),('https://www.ecartelera.com/cines/515,0,1.html','Pacific Rim: Insurrección','12:20'),('https://www.ecartelera.com/cines/515,0,1.html','Pacific Rim: Insurrección','15:35'),('https://www.ecartelera.com/cines/515,0,1.html','Pacific Rim: Insurrección','18:00'),('https://www.ecartelera.com/cines/515,0,1.html','Pacific Rim: Insurrección','19:50'),('https://www.ecartelera.com/cines/515,0,1.html','Pacific Rim: Insurrección','22:30'),('https://www.ecartelera.com/cines/518,0,1.html','Pacific Rim: Insurrección','17:30'),('https://www.ecartelera.com/cines/518,0,1.html','Pacific Rim: Insurrección','19:40'),('https://www.ecartelera.com/cines/518,0,1.html','Pacific Rim: Insurrección','22:20'),('https://www.ecartelera.com/cines/53,0,1.html','Pacific Rim: Insurrección','00:45'),('https://www.ecartelera.com/cines/53,0,1.html','Pacific Rim: Insurrección','12:00'),('https://www.ecartelera.com/cines/53,0,1.html','Pacific Rim: Insurrección','17:00'),('https://www.ecartelera.com/cines/53,0,1.html','Pacific Rim: Insurrección','19:45'),('https://www.ecartelera.com/cines/53,0,1.html','Pacific Rim: Insurrección','22:15'),('https://www.ecartelera.com/cines/56,0,1.html','Pacific Rim: Insurrección','17:30'),('https://www.ecartelera.com/cines/56,0,1.html','Pacific Rim: Insurrección','18:00'),('https://www.ecartelera.com/cines/56,0,1.html','Pacific Rim: Insurrección','19:30'),('https://www.ecartelera.com/cines/56,0,1.html','Pacific Rim: Insurrección','20:30'),('https://www.ecartelera.com/cines/56,0,1.html','Pacific Rim: Insurrección','22:00'),('https://www.ecartelera.com/cines/56,0,1.html','Pacific Rim: Insurrección','23:00'),('https://www.ecartelera.com/cines/57,0,1.html','Pacific Rim: Insurrección','01:00'),('https://www.ecartelera.com/cines/57,0,1.html','Pacific Rim: Insurrección','12:30'),('https://www.ecartelera.com/cines/57,0,1.html','Pacific Rim: Insurrección','18:00'),('https://www.ecartelera.com/cines/57,0,1.html','Pacific Rim: Insurrección','20:20'),('https://www.ecartelera.com/cines/57,0,1.html','Pacific Rim: Insurrección','22:40'),('https://www.ecartelera.com/cines/570,0,1.html','Pacific Rim: Insurrección','01:00'),('https://www.ecartelera.com/cines/570,0,1.html','Pacific Rim: Insurrección','12:10'),('https://www.ecartelera.com/cines/570,0,1.html','Pacific Rim: Insurrección','15:30'),('https://www.ecartelera.com/cines/570,0,1.html','Pacific Rim: Insurrección','17:50'),('https://www.ecartelera.com/cines/570,0,1.html','Pacific Rim: Insurrección','20:10'),('https://www.ecartelera.com/cines/570,0,1.html','Pacific Rim: Insurrección','22:40'),('https://www.ecartelera.com/cines/61,0,1.html','Pacific Rim: Insurrección','17:05'),('https://www.ecartelera.com/cines/61,0,1.html','Pacific Rim: Insurrección','21:20'),('https://www.ecartelera.com/cines/62,0,1.html','Pacific Rim: Insurrección','17:00'),('https://www.ecartelera.com/cines/62,0,1.html','Pacific Rim: Insurrección','19:30'),('https://www.ecartelera.com/cines/70,0,1.html','Pacific Rim: Insurrección','18:00'),('https://www.ecartelera.com/cines/70,0,1.html','Pacific Rim: Insurrección','20:30'),('https://www.ecartelera.com/cines/70,0,1.html','Pacific Rim: Insurrección','22:20'),('https://www.ecartelera.com/cines/71,0,1.html','Pacific Rim: Insurrección','00:45'),('https://www.ecartelera.com/cines/71,0,1.html','Pacific Rim: Insurrección','16:45'),('https://www.ecartelera.com/cines/71,0,1.html','Pacific Rim: Insurrección','20:20'),('https://www.ecartelera.com/cines/71,0,1.html','Pacific Rim: Insurrección','21:50'),('https://www.ecartelera.com/cines/73,0,1.html','Pacific Rim: Insurrección','00:40'),('https://www.ecartelera.com/cines/73,0,1.html','Pacific Rim: Insurrección','12:15'),('https://www.ecartelera.com/cines/73,0,1.html','Pacific Rim: Insurrección','15:50'),('https://www.ecartelera.com/cines/73,0,1.html','Pacific Rim: Insurrección','18:20'),('https://www.ecartelera.com/cines/73,0,1.html','Pacific Rim: Insurrección','20:00'),('https://www.ecartelera.com/cines/73,0,1.html','Pacific Rim: Insurrección','22:20'),('https://www.ecartelera.com/cines/74,0,1.html','Pacific Rim: Insurrección','00:55'),('https://www.ecartelera.com/cines/74,0,1.html','Pacific Rim: Insurrección','15:00'),('https://www.ecartelera.com/cines/74,0,1.html','Pacific Rim: Insurrección','17:30'),('https://www.ecartelera.com/cines/74,0,1.html','Pacific Rim: Insurrección','20:00'),('https://www.ecartelera.com/cines/74,0,1.html','Pacific Rim: Insurrección','22:30'),('https://www.ecartelera.com/cines/75,0,1.html','Pacific Rim: Insurrección','00:55'),('https://www.ecartelera.com/cines/75,0,1.html','Pacific Rim: Insurrección','12:10'),('https://www.ecartelera.com/cines/75,0,1.html','Pacific Rim: Insurrección','16:00'),('https://www.ecartelera.com/cines/75,0,1.html','Pacific Rim: Insurrección','18:10'),('https://www.ecartelera.com/cines/75,0,1.html','Pacific Rim: Insurrección','20:25'),('https://www.ecartelera.com/cines/75,0,1.html','Pacific Rim: Insurrección','22:40'),('https://www.ecartelera.com/cines/78,0,1.html','Pacific Rim: Insurrección','00:00'),('https://www.ecartelera.com/cines/78,0,1.html','Pacific Rim: Insurrección','12:00'),('https://www.ecartelera.com/cines/78,0,1.html','Pacific Rim: Insurrección','15:50'),('https://www.ecartelera.com/cines/78,0,1.html','Pacific Rim: Insurrección','18:10'),('https://www.ecartelera.com/cines/78,0,1.html','Pacific Rim: Insurrección','21:30'),('https://www.ecartelera.com/cines/82,0,1.html','Pacific Rim: Insurrección','00:20'),('https://www.ecartelera.com/cines/82,0,1.html','Pacific Rim: Insurrección','12:15'),('https://www.ecartelera.com/cines/82,0,1.html','Pacific Rim: Insurrección','17:10'),('https://www.ecartelera.com/cines/82,0,1.html','Pacific Rim: Insurrección','19:30'),('https://www.ecartelera.com/cines/82,0,1.html','Pacific Rim: Insurrección','22:00'),('https://www.ecartelera.com/cines/85,0,1.html','Pacific Rim: Insurrección','16:00'),('https://www.ecartelera.com/cines/85,0,1.html','Pacific Rim: Insurrección','18:10'),('https://www.ecartelera.com/cines/85,0,1.html','Pacific Rim: Insurrección','20:20'),('https://www.ecartelera.com/cines/85,0,1.html','Pacific Rim: Insurrección','22:30'),('https://www.ecartelera.com/cines/86,0,1.html','Pacific Rim: Insurrección','12:00'),('https://www.ecartelera.com/cines/86,0,1.html','Pacific Rim: Insurrección','16:00'),('https://www.ecartelera.com/cines/86,0,1.html','Pacific Rim: Insurrección','18:00'),('https://www.ecartelera.com/cines/86,0,1.html','Pacific Rim: Insurrección','20:05'),('https://www.ecartelera.com/cines/86,0,1.html','Pacific Rim: Insurrección','22:10'),('https://www.ecartelera.com/cines/9,0,1.html','Pacific Rim: Insurrección','22:00'),('https://www.ecartelera.com/cines/dreams-cinema-palacio-hielo/','Pacific Rim: Insurrección','12:00'),('https://www.ecartelera.com/cines/dreams-cinema-palacio-hielo/','Pacific Rim: Insurrección','15:40'),('https://www.ecartelera.com/cines/dreams-cinema-palacio-hielo/','Pacific Rim: Insurrección','17:55'),('https://www.ecartelera.com/cines/dreams-cinema-palacio-hielo/','Pacific Rim: Insurrección','20:10'),('https://www.ecartelera.com/cines/dreams-cinema-palacio-hielo/','Pacific Rim: Insurrección','22:30'),('https://www.ecartelera.com/cines/villa-del-prado/','Pacific Rim: Insurrección','19:00'),('https://www.ecartelera.com/cines/11,0,1.html','Peter Rabbit','16:00'),('https://www.ecartelera.com/cines/11,0,1.html','Peter Rabbit','18:00'),('https://www.ecartelera.com/cines/11,0,1.html','Peter Rabbit','20:10'),('https://www.ecartelera.com/cines/16,0,1.html','Peter Rabbit','15:55'),('https://www.ecartelera.com/cines/16,0,1.html','Peter Rabbit','17:00'),('https://www.ecartelera.com/cines/16,0,1.html','Peter Rabbit','18:00'),('https://www.ecartelera.com/cines/16,0,1.html','Peter Rabbit','19:10'),('https://www.ecartelera.com/cines/16,0,1.html','Peter Rabbit','20:00'),('https://www.ecartelera.com/cines/17,0,1.html','Peter Rabbit','12:20'),('https://www.ecartelera.com/cines/17,0,1.html','Peter Rabbit','16:00'),('https://www.ecartelera.com/cines/17,0,1.html','Peter Rabbit','18:00'),('https://www.ecartelera.com/cines/19,0,1.html','Peter Rabbit','11:30'),('https://www.ecartelera.com/cines/19,0,1.html','Peter Rabbit','16:10'),('https://www.ecartelera.com/cines/19,0,1.html','Peter Rabbit','18:10'),('https://www.ecartelera.com/cines/22,0,1.html','Peter Rabbit','16:15'),('https://www.ecartelera.com/cines/22,0,1.html','Peter Rabbit','18:15'),('https://www.ecartelera.com/cines/23,0,1.html','Peter Rabbit','16:15'),('https://www.ecartelera.com/cines/23,0,1.html','Peter Rabbit','18:00'),('https://www.ecartelera.com/cines/30,0,1.html','Peter Rabbit','11:30'),('https://www.ecartelera.com/cines/30,0,1.html','Peter Rabbit','13:30'),('https://www.ecartelera.com/cines/30,0,1.html','Peter Rabbit','15:40'),('https://www.ecartelera.com/cines/30,0,1.html','Peter Rabbit','18:00'),('https://www.ecartelera.com/cines/30,0,1.html','Peter Rabbit','20:15'),('https://www.ecartelera.com/cines/30,0,1.html','Peter Rabbit','22:20'),('https://www.ecartelera.com/cines/35,0,1.html','Peter Rabbit','16:30'),('https://www.ecartelera.com/cines/35,0,1.html','Peter Rabbit','18:20'),('https://www.ecartelera.com/cines/50,0,1.html','Peter Rabbit','12:05'),('https://www.ecartelera.com/cines/50,0,1.html','Peter Rabbit','15:55'),('https://www.ecartelera.com/cines/50,0,1.html','Peter Rabbit','16:50'),('https://www.ecartelera.com/cines/50,0,1.html','Peter Rabbit','17:55'),('https://www.ecartelera.com/cines/50,0,1.html','Peter Rabbit','19:15'),('https://www.ecartelera.com/cines/515,0,1.html','Peter Rabbit','12:10'),('https://www.ecartelera.com/cines/515,0,1.html','Peter Rabbit','16:00'),('https://www.ecartelera.com/cines/515,0,1.html','Peter Rabbit','17:00'),('https://www.ecartelera.com/cines/515,0,1.html','Peter Rabbit','18:00'),('https://www.ecartelera.com/cines/515,0,1.html','Peter Rabbit','19:05'),('https://www.ecartelera.com/cines/515,0,1.html','Peter Rabbit','20:10'),('https://www.ecartelera.com/cines/518,0,1.html','Peter Rabbit','16:00'),('https://www.ecartelera.com/cines/518,0,1.html','Peter Rabbit','17:00'),('https://www.ecartelera.com/cines/518,0,1.html','Peter Rabbit','18:00'),('https://www.ecartelera.com/cines/518,0,1.html','Peter Rabbit','19:00'),('https://www.ecartelera.com/cines/518,0,1.html','Peter Rabbit','20:00'),('https://www.ecartelera.com/cines/518,0,1.html','Peter Rabbit','21:00'),('https://www.ecartelera.com/cines/53,0,1.html','Peter Rabbit','12:30'),('https://www.ecartelera.com/cines/53,0,1.html','Peter Rabbit','16:00'),('https://www.ecartelera.com/cines/53,0,1.html','Peter Rabbit','16:40'),('https://www.ecartelera.com/cines/53,0,1.html','Peter Rabbit','18:05'),('https://www.ecartelera.com/cines/53,0,1.html','Peter Rabbit','18:45'),('https://www.ecartelera.com/cines/56,0,1.html','Peter Rabbit','16:30'),('https://www.ecartelera.com/cines/56,0,1.html','Peter Rabbit','17:30'),('https://www.ecartelera.com/cines/56,0,1.html','Peter Rabbit','18:30'),('https://www.ecartelera.com/cines/56,0,1.html','Peter Rabbit','19:30'),('https://www.ecartelera.com/cines/56,0,1.html','Peter Rabbit','20:30'),('https://www.ecartelera.com/cines/57,0,1.html','Peter Rabbit','12:30'),('https://www.ecartelera.com/cines/57,0,1.html','Peter Rabbit','15:50'),('https://www.ecartelera.com/cines/57,0,1.html','Peter Rabbit','17:00'),('https://www.ecartelera.com/cines/57,0,1.html','Peter Rabbit','18:00'),('https://www.ecartelera.com/cines/57,0,1.html','Peter Rabbit','19:00'),('https://www.ecartelera.com/cines/57,0,1.html','Peter Rabbit','20:05'),('https://www.ecartelera.com/cines/570,0,1.html','Peter Rabbit','12:15'),('https://www.ecartelera.com/cines/570,0,1.html','Peter Rabbit','16:00'),('https://www.ecartelera.com/cines/570,0,1.html','Peter Rabbit','17:00'),('https://www.ecartelera.com/cines/570,0,1.html','Peter Rabbit','18:00'),('https://www.ecartelera.com/cines/570,0,1.html','Peter Rabbit','19:15'),('https://www.ecartelera.com/cines/61,0,1.html','Peter Rabbit','15:50'),('https://www.ecartelera.com/cines/61,0,1.html','Peter Rabbit','16:55'),('https://www.ecartelera.com/cines/61,0,1.html','Peter Rabbit','17:55'),('https://www.ecartelera.com/cines/61,0,1.html','Peter Rabbit','19:00'),('https://www.ecartelera.com/cines/61,0,1.html','Peter Rabbit','20:00'),('https://www.ecartelera.com/cines/62,0,1.html','Peter Rabbit','16:00'),('https://www.ecartelera.com/cines/62,0,1.html','Peter Rabbit','17:00'),('https://www.ecartelera.com/cines/62,0,1.html','Peter Rabbit','18:00'),('https://www.ecartelera.com/cines/62,0,1.html','Peter Rabbit','20:00'),('https://www.ecartelera.com/cines/70,0,1.html','Peter Rabbit','16:00'),('https://www.ecartelera.com/cines/70,0,1.html','Peter Rabbit','17:35'),('https://www.ecartelera.com/cines/70,0,1.html','Peter Rabbit','19:05'),('https://www.ecartelera.com/cines/71,0,1.html','Peter Rabbit','16:00'),('https://www.ecartelera.com/cines/71,0,1.html','Peter Rabbit','16:45'),('https://www.ecartelera.com/cines/71,0,1.html','Peter Rabbit','18:00'),('https://www.ecartelera.com/cines/71,0,1.html','Peter Rabbit','19:00'),('https://www.ecartelera.com/cines/71,0,1.html','Peter Rabbit','20:05'),('https://www.ecartelera.com/cines/73,0,1.html','Peter Rabbit','12:30'),('https://www.ecartelera.com/cines/73,0,1.html','Peter Rabbit','15:45'),('https://www.ecartelera.com/cines/73,0,1.html','Peter Rabbit','17:00'),('https://www.ecartelera.com/cines/73,0,1.html','Peter Rabbit','18:00'),('https://www.ecartelera.com/cines/73,0,1.html','Peter Rabbit','19:10'),('https://www.ecartelera.com/cines/73,0,1.html','Peter Rabbit','20:05'),('https://www.ecartelera.com/cines/73,0,1.html','Peter Rabbit','20:10'),('https://www.ecartelera.com/cines/74,0,1.html','Peter Rabbit','15:45'),('https://www.ecartelera.com/cines/74,0,1.html','Peter Rabbit','16:45'),('https://www.ecartelera.com/cines/74,0,1.html','Peter Rabbit','17:55'),('https://www.ecartelera.com/cines/74,0,1.html','Peter Rabbit','18:55'),('https://www.ecartelera.com/cines/74,0,1.html','Peter Rabbit','20:10'),('https://www.ecartelera.com/cines/75,0,1.html','Peter Rabbit','12:15'),('https://www.ecartelera.com/cines/75,0,1.html','Peter Rabbit','16:15'),('https://www.ecartelera.com/cines/75,0,1.html','Peter Rabbit','17:00'),('https://www.ecartelera.com/cines/75,0,1.html','Peter Rabbit','18:15'),('https://www.ecartelera.com/cines/75,0,1.html','Peter Rabbit','19:10'),('https://www.ecartelera.com/cines/75,0,1.html','Peter Rabbit','20:10'),('https://www.ecartelera.com/cines/78,0,1.html','Peter Rabbit','12:30'),('https://www.ecartelera.com/cines/78,0,1.html','Peter Rabbit','15:55'),('https://www.ecartelera.com/cines/78,0,1.html','Peter Rabbit','16:50'),('https://www.ecartelera.com/cines/78,0,1.html','Peter Rabbit','18:00'),('https://www.ecartelera.com/cines/78,0,1.html','Peter Rabbit','18:55'),('https://www.ecartelera.com/cines/78,0,1.html','Peter Rabbit','20:05'),('https://www.ecartelera.com/cines/82,0,1.html','Peter Rabbit','12:15'),('https://www.ecartelera.com/cines/82,0,1.html','Peter Rabbit','16:00'),('https://www.ecartelera.com/cines/82,0,1.html','Peter Rabbit','17:00'),('https://www.ecartelera.com/cines/82,0,1.html','Peter Rabbit','18:00'),('https://www.ecartelera.com/cines/82,0,1.html','Peter Rabbit','19:15'),('https://www.ecartelera.com/cines/82,0,1.html','Peter Rabbit','20:30'),('https://www.ecartelera.com/cines/85,0,1.html','Peter Rabbit','16:00'),('https://www.ecartelera.com/cines/85,0,1.html','Peter Rabbit','17:00'),('https://www.ecartelera.com/cines/85,0,1.html','Peter Rabbit','18:00'),('https://www.ecartelera.com/cines/85,0,1.html','Peter Rabbit','19:00'),('https://www.ecartelera.com/cines/85,0,1.html','Peter Rabbit','20:30'),('https://www.ecartelera.com/cines/86,0,1.html','Peter Rabbit','12:00'),('https://www.ecartelera.com/cines/86,0,1.html','Peter Rabbit','16:00'),('https://www.ecartelera.com/cines/86,0,1.html','Peter Rabbit','18:00'),('https://www.ecartelera.com/cines/86,0,1.html','Peter Rabbit','20:05'),('https://www.ecartelera.com/cines/9,0,1.html','Peter Rabbit','18:00'),('https://www.ecartelera.com/cines/dreams-cinema-palacio-hielo/','Peter Rabbit','12:00'),('https://www.ecartelera.com/cines/dreams-cinema-palacio-hielo/','Peter Rabbit','14:00'),('https://www.ecartelera.com/cines/dreams-cinema-palacio-hielo/','Peter Rabbit','16:00'),('https://www.ecartelera.com/cines/dreams-cinema-palacio-hielo/','Peter Rabbit','17:00'),('https://www.ecartelera.com/cines/dreams-cinema-palacio-hielo/','Peter Rabbit','18:05'),('https://www.ecartelera.com/cines/dreams-cinema-palacio-hielo/','Peter Rabbit','20:10'),('https://www.ecartelera.com/cines/villa-del-prado/','Peter Rabbit','19:00'),('https://www.ecartelera.com/cines/11,0,1.html','Ready Player One','15:50'),('https://www.ecartelera.com/cines/11,0,1.html','Ready Player One','17:50'),('https://www.ecartelera.com/cines/11,0,1.html','Ready Player One','19:10'),('https://www.ecartelera.com/cines/11,0,1.html','Ready Player One','20:00'),('https://www.ecartelera.com/cines/11,0,1.html','Ready Player One','22:40'),('https://www.ecartelera.com/cines/16,0,1.html','Ready Player One','00:30'),('https://www.ecartelera.com/cines/16,0,1.html','Ready Player One','16:10'),('https://www.ecartelera.com/cines/16,0,1.html','Ready Player One','17:45'),('https://www.ecartelera.com/cines/16,0,1.html','Ready Player One','19:05'),('https://www.ecartelera.com/cines/16,0,1.html','Ready Player One','20:40'),('https://www.ecartelera.com/cines/16,0,1.html','Ready Player One','22:00'),('https://www.ecartelera.com/cines/16,0,1.html','Ready Player One','23:35'),('https://www.ecartelera.com/cines/17,0,1.html','Ready Player One','00:30'),('https://www.ecartelera.com/cines/17,0,1.html','Ready Player One','12:15'),('https://www.ecartelera.com/cines/17,0,1.html','Ready Player One','16:10'),('https://www.ecartelera.com/cines/17,0,1.html','Ready Player One','19:05'),('https://www.ecartelera.com/cines/17,0,1.html','Ready Player One','22:00'),('https://www.ecartelera.com/cines/30,0,1.html','Ready Player One','11:00'),('https://www.ecartelera.com/cines/30,0,1.html','Ready Player One','13:45'),('https://www.ecartelera.com/cines/30,0,1.html','Ready Player One','16:30'),('https://www.ecartelera.com/cines/30,0,1.html','Ready Player One','19:15'),('https://www.ecartelera.com/cines/30,0,1.html','Ready Player One','22:00'),('https://www.ecartelera.com/cines/35,0,1.html','Ready Player One','17:00'),('https://www.ecartelera.com/cines/35,0,1.html','Ready Player One','18:00'),('https://www.ecartelera.com/cines/35,0,1.html','Ready Player One','19:35'),('https://www.ecartelera.com/cines/35,0,1.html','Ready Player One','22:05'),('https://www.ecartelera.com/cines/38,0,1.html','Ready Player One','16:30'),('https://www.ecartelera.com/cines/38,0,1.html','Ready Player One','19:15'),('https://www.ecartelera.com/cines/38,0,1.html','Ready Player One','22:00'),('https://www.ecartelera.com/cines/50,0,1.html','Ready Player One','00:30'),('https://www.ecartelera.com/cines/50,0,1.html','Ready Player One','12:35'),('https://www.ecartelera.com/cines/50,0,1.html','Ready Player One','15:00'),('https://www.ecartelera.com/cines/50,0,1.html','Ready Player One','16:10'),('https://www.ecartelera.com/cines/50,0,1.html','Ready Player One','17:05'),('https://www.ecartelera.com/cines/50,0,1.html','Ready Player One','18:00'),('https://www.ecartelera.com/cines/50,0,1.html','Ready Player One','19:05'),('https://www.ecartelera.com/cines/50,0,1.html','Ready Player One','20:00'),('https://www.ecartelera.com/cines/50,0,1.html','Ready Player One','21:00'),('https://www.ecartelera.com/cines/50,0,1.html','Ready Player One','22:00'),('https://www.ecartelera.com/cines/50,0,1.html','Ready Player One','23:00'),('https://www.ecartelera.com/cines/515,0,1.html','Ready Player One','00:00'),('https://www.ecartelera.com/cines/515,0,1.html','Ready Player One','12:00'),('https://www.ecartelera.com/cines/515,0,1.html','Ready Player One','12:30'),('https://www.ecartelera.com/cines/515,0,1.html','Ready Player One','16:10'),('https://www.ecartelera.com/cines/515,0,1.html','Ready Player One','17:05'),('https://www.ecartelera.com/cines/515,0,1.html','Ready Player One','18:00'),('https://www.ecartelera.com/cines/515,0,1.html','Ready Player One','19:05'),('https://www.ecartelera.com/cines/515,0,1.html','Ready Player One','20:00'),('https://www.ecartelera.com/cines/515,0,1.html','Ready Player One','21:00'),('https://www.ecartelera.com/cines/515,0,1.html','Ready Player One','22:00'),('https://www.ecartelera.com/cines/515,0,1.html','Ready Player One','23:00'),('https://www.ecartelera.com/cines/518,0,1.html','Ready Player One','00:00'),('https://www.ecartelera.com/cines/518,0,1.html','Ready Player One','16:00'),('https://www.ecartelera.com/cines/518,0,1.html','Ready Player One','17:00'),('https://www.ecartelera.com/cines/518,0,1.html','Ready Player One','19:00'),('https://www.ecartelera.com/cines/518,0,1.html','Ready Player One','20:00'),('https://www.ecartelera.com/cines/518,0,1.html','Ready Player One','21:00'),('https://www.ecartelera.com/cines/518,0,1.html','Ready Player One','22:00'),('https://www.ecartelera.com/cines/518,0,1.html','Ready Player One','23:00'),('https://www.ecartelera.com/cines/53,0,1.html','Ready Player One','00:35'),('https://www.ecartelera.com/cines/53,0,1.html','Ready Player One','12:00'),('https://www.ecartelera.com/cines/53,0,1.html','Ready Player One','16:10'),('https://www.ecartelera.com/cines/53,0,1.html','Ready Player One','17:45'),('https://www.ecartelera.com/cines/53,0,1.html','Ready Player One','19:05'),('https://www.ecartelera.com/cines/53,0,1.html','Ready Player One','20:40'),('https://www.ecartelera.com/cines/53,0,1.html','Ready Player One','22:00'),('https://www.ecartelera.com/cines/53,0,1.html','Ready Player One','23:30'),('https://www.ecartelera.com/cines/56,0,1.html','Ready Player One','16:30'),('https://www.ecartelera.com/cines/56,0,1.html','Ready Player One','17:30'),('https://www.ecartelera.com/cines/56,0,1.html','Ready Player One','17:45'),('https://www.ecartelera.com/cines/56,0,1.html','Ready Player One','18:30'),('https://www.ecartelera.com/cines/56,0,1.html','Ready Player One','18:45'),('https://www.ecartelera.com/cines/56,0,1.html','Ready Player One','19:00'),('https://www.ecartelera.com/cines/56,0,1.html','Ready Player One','20:00'),('https://www.ecartelera.com/cines/56,0,1.html','Ready Player One','20:30'),('https://www.ecartelera.com/cines/56,0,1.html','Ready Player One','20:45'),('https://www.ecartelera.com/cines/56,0,1.html','Ready Player One','21:30'),('https://www.ecartelera.com/cines/56,0,1.html','Ready Player One','21:45'),('https://www.ecartelera.com/cines/56,0,1.html','Ready Player One','22:00'),('https://www.ecartelera.com/cines/56,0,1.html','Ready Player One','23:00'),('https://www.ecartelera.com/cines/56,0,1.html','Ready Player One','23:30'),('https://www.ecartelera.com/cines/56,0,1.html','Ready Player One','23:45'),('https://www.ecartelera.com/cines/57,0,1.html','Ready Player One','00:10'),('https://www.ecartelera.com/cines/57,0,1.html','Ready Player One','12:30'),('https://www.ecartelera.com/cines/57,0,1.html','Ready Player One','16:10'),('https://www.ecartelera.com/cines/57,0,1.html','Ready Player One','17:50'),('https://www.ecartelera.com/cines/57,0,1.html','Ready Player One','19:05'),('https://www.ecartelera.com/cines/57,0,1.html','Ready Player One','22:00'),('https://www.ecartelera.com/cines/570,0,1.html','Ready Player One','00:20'),('https://www.ecartelera.com/cines/570,0,1.html','Ready Player One','12:30'),('https://www.ecartelera.com/cines/570,0,1.html','Ready Player One','16:10'),('https://www.ecartelera.com/cines/570,0,1.html','Ready Player One','17:40'),('https://www.ecartelera.com/cines/570,0,1.html','Ready Player One','19:05'),('https://www.ecartelera.com/cines/570,0,1.html','Ready Player One','20:40'),('https://www.ecartelera.com/cines/570,0,1.html','Ready Player One','22:00'),('https://www.ecartelera.com/cines/570,0,1.html','Ready Player One','23:30'),('https://www.ecartelera.com/cines/61,0,1.html','Ready Player One','16:30'),('https://www.ecartelera.com/cines/61,0,1.html','Ready Player One','17:30'),('https://www.ecartelera.com/cines/61,0,1.html','Ready Player One','18:15'),('https://www.ecartelera.com/cines/61,0,1.html','Ready Player One','19:30'),('https://www.ecartelera.com/cines/61,0,1.html','Ready Player One','20:30'),('https://www.ecartelera.com/cines/61,0,1.html','Ready Player One','21:10'),('https://www.ecartelera.com/cines/61,0,1.html','Ready Player One','22:30'),('https://www.ecartelera.com/cines/61,0,1.html','Ready Player One','23:30'),('https://www.ecartelera.com/cines/62,0,1.html','Ready Player One','16:10'),('https://www.ecartelera.com/cines/62,0,1.html','Ready Player One','19:05'),('https://www.ecartelera.com/cines/62,0,1.html','Ready Player One','22:00'),('https://www.ecartelera.com/cines/70,0,1.html','Ready Player One','18:00'),('https://www.ecartelera.com/cines/70,0,1.html','Ready Player One','20:00'),('https://www.ecartelera.com/cines/70,0,1.html','Ready Player One','22:00'),('https://www.ecartelera.com/cines/71,0,1.html','Ready Player One','00:00'),('https://www.ecartelera.com/cines/71,0,1.html','Ready Player One','00:30'),('https://www.ecartelera.com/cines/71,0,1.html','Ready Player One','16:15'),('https://www.ecartelera.com/cines/71,0,1.html','Ready Player One','18:00'),('https://www.ecartelera.com/cines/71,0,1.html','Ready Player One','19:10'),('https://www.ecartelera.com/cines/71,0,1.html','Ready Player One','21:00'),('https://www.ecartelera.com/cines/71,0,1.html','Ready Player One','22:00'),('https://www.ecartelera.com/cines/73,0,1.html','Ready Player One','00:30'),('https://www.ecartelera.com/cines/73,0,1.html','Ready Player One','12:00'),('https://www.ecartelera.com/cines/73,0,1.html','Ready Player One','15:30'),('https://www.ecartelera.com/cines/73,0,1.html','Ready Player One','16:10'),('https://www.ecartelera.com/cines/73,0,1.html','Ready Player One','17:05'),('https://www.ecartelera.com/cines/73,0,1.html','Ready Player One','18:30'),('https://www.ecartelera.com/cines/73,0,1.html','Ready Player One','19:05'),('https://www.ecartelera.com/cines/73,0,1.html','Ready Player One','20:00'),('https://www.ecartelera.com/cines/73,0,1.html','Ready Player One','21:30'),('https://www.ecartelera.com/cines/73,0,1.html','Ready Player One','22:00'),('https://www.ecartelera.com/cines/73,0,1.html','Ready Player One','23:00'),('https://www.ecartelera.com/cines/74,0,1.html','Ready Player One','00:15'),('https://www.ecartelera.com/cines/74,0,1.html','Ready Player One','01:00'),('https://www.ecartelera.com/cines/74,0,1.html','Ready Player One','16:10'),('https://www.ecartelera.com/cines/74,0,1.html','Ready Player One','17:05'),('https://www.ecartelera.com/cines/74,0,1.html','Ready Player One','17:25'),('https://www.ecartelera.com/cines/74,0,1.html','Ready Player One','18:00'),('https://www.ecartelera.com/cines/74,0,1.html','Ready Player One','19:05'),('https://www.ecartelera.com/cines/74,0,1.html','Ready Player One','20:00'),('https://www.ecartelera.com/cines/74,0,1.html','Ready Player One','21:00'),('https://www.ecartelera.com/cines/74,0,1.html','Ready Player One','22:00'),('https://www.ecartelera.com/cines/74,0,1.html','Ready Player One','23:00'),('https://www.ecartelera.com/cines/75,0,1.html','Ready Player One','00:00'),('https://www.ecartelera.com/cines/75,0,1.html','Ready Player One','12:00'),('https://www.ecartelera.com/cines/75,0,1.html','Ready Player One','12:30'),('https://www.ecartelera.com/cines/75,0,1.html','Ready Player One','16:10'),('https://www.ecartelera.com/cines/75,0,1.html','Ready Player One','17:05'),('https://www.ecartelera.com/cines/75,0,1.html','Ready Player One','18:00'),('https://www.ecartelera.com/cines/75,0,1.html','Ready Player One','19:05'),('https://www.ecartelera.com/cines/75,0,1.html','Ready Player One','20:00'),('https://www.ecartelera.com/cines/75,0,1.html','Ready Player One','21:00'),('https://www.ecartelera.com/cines/75,0,1.html','Ready Player One','22:00'),('https://www.ecartelera.com/cines/75,0,1.html','Ready Player One','23:00'),('https://www.ecartelera.com/cines/78,0,1.html','Ready Player One','00:20'),('https://www.ecartelera.com/cines/78,0,1.html','Ready Player One','12:30'),('https://www.ecartelera.com/cines/78,0,1.html','Ready Player One','16:10'),('https://www.ecartelera.com/cines/78,0,1.html','Ready Player One','17:20'),('https://www.ecartelera.com/cines/78,0,1.html','Ready Player One','19:05'),('https://www.ecartelera.com/cines/78,0,1.html','Ready Player One','20:25'),('https://www.ecartelera.com/cines/78,0,1.html','Ready Player One','22:00'),('https://www.ecartelera.com/cines/78,0,1.html','Ready Player One','23:25'),('https://www.ecartelera.com/cines/82,0,1.html','Ready Player One','00:20'),('https://www.ecartelera.com/cines/82,0,1.html','Ready Player One','12:00'),('https://www.ecartelera.com/cines/82,0,1.html','Ready Player One','16:10'),('https://www.ecartelera.com/cines/82,0,1.html','Ready Player One','17:45'),('https://www.ecartelera.com/cines/82,0,1.html','Ready Player One','19:05'),('https://www.ecartelera.com/cines/82,0,1.html','Ready Player One','20:40'),('https://www.ecartelera.com/cines/82,0,1.html','Ready Player One','22:00'),('https://www.ecartelera.com/cines/82,0,1.html','Ready Player One','23:35'),('https://www.ecartelera.com/cines/85,0,1.html','Ready Player One','16:00'),('https://www.ecartelera.com/cines/85,0,1.html','Ready Player One','18:00'),('https://www.ecartelera.com/cines/85,0,1.html','Ready Player One','20:00'),('https://www.ecartelera.com/cines/85,0,1.html','Ready Player One','22:15'),('https://www.ecartelera.com/cines/85,0,1.html','Ready Player One','22:30'),('https://www.ecartelera.com/cines/86,0,1.html','Ready Player One','12:00'),('https://www.ecartelera.com/cines/86,0,1.html','Ready Player One','18:00'),('https://www.ecartelera.com/cines/86,0,1.html','Ready Player One','20:00'),('https://www.ecartelera.com/cines/86,0,1.html','Ready Player One','22:05'),('https://www.ecartelera.com/cines/autocine-madrid-race/','Ready Player One','00:00'),('https://www.ecartelera.com/cines/autocine-madrid-race/','Ready Player One','21:30'),('https://www.ecartelera.com/cines/cine-septimo-oficio-burgo-centro/','Ready Player One','18:15'),('https://www.ecartelera.com/cines/cine-septimo-oficio-burgo-centro/','Ready Player One','21:30'),('https://www.ecartelera.com/cines/dreams-cinema-palacio-hielo/','Ready Player One','11:30'),('https://www.ecartelera.com/cines/dreams-cinema-palacio-hielo/','Ready Player One','12:00'),('https://www.ecartelera.com/cines/dreams-cinema-palacio-hielo/','Ready Player One','14:15'),('https://www.ecartelera.com/cines/dreams-cinema-palacio-hielo/','Ready Player One','16:00'),('https://www.ecartelera.com/cines/dreams-cinema-palacio-hielo/','Ready Player One','17:00'),('https://www.ecartelera.com/cines/dreams-cinema-palacio-hielo/','Ready Player One','18:45'),('https://www.ecartelera.com/cines/dreams-cinema-palacio-hielo/','Ready Player One','19:45'),('https://www.ecartelera.com/cines/dreams-cinema-palacio-hielo/','Ready Player One','21:30'),('https://www.ecartelera.com/cines/dreams-cinema-palacio-hielo/','Ready Player One','22:30'),('https://www.ecartelera.com/cines/16,0,1.html','Sin rodeos','00:50'),('https://www.ecartelera.com/cines/16,0,1.html','Sin rodeos','20:35'),('https://www.ecartelera.com/cines/17,0,1.html','Sin rodeos','00:50'),('https://www.ecartelera.com/cines/17,0,1.html','Sin rodeos','17:50'),('https://www.ecartelera.com/cines/17,0,1.html','Sin rodeos','22:30'),('https://www.ecartelera.com/cines/19,0,1.html','Sin rodeos','18:10'),('https://www.ecartelera.com/cines/19,0,1.html','Sin rodeos','22:30'),('https://www.ecartelera.com/cines/22,0,1.html','Sin rodeos','20:35'),('https://www.ecartelera.com/cines/23,0,1.html','Sin rodeos','18:15'),('https://www.ecartelera.com/cines/23,0,1.html','Sin rodeos','20:15'),('https://www.ecartelera.com/cines/30,0,1.html','Sin rodeos','19:45'),('https://www.ecartelera.com/cines/50,0,1.html','Sin rodeos','00:55'),('https://www.ecartelera.com/cines/50,0,1.html','Sin rodeos','18:05'),('https://www.ecartelera.com/cines/50,0,1.html','Sin rodeos','20:20'),('https://www.ecartelera.com/cines/515,0,1.html','Sin rodeos','12:30'),('https://www.ecartelera.com/cines/515,0,1.html','Sin rodeos','15:50'),('https://www.ecartelera.com/cines/515,0,1.html','Sin rodeos','17:50'),('https://www.ecartelera.com/cines/515,0,1.html','Sin rodeos','19:50'),('https://www.ecartelera.com/cines/518,0,1.html','Sin rodeos','21:00'),('https://www.ecartelera.com/cines/518,0,1.html','Sin rodeos','23:00'),('https://www.ecartelera.com/cines/56,0,1.html','Sin rodeos','16:00'),('https://www.ecartelera.com/cines/56,0,1.html','Sin rodeos','18:00'),('https://www.ecartelera.com/cines/56,0,1.html','Sin rodeos','22:00'),('https://www.ecartelera.com/cines/57,0,1.html','Sin rodeos','01:00'),('https://www.ecartelera.com/cines/57,0,1.html','Sin rodeos','20:20'),('https://www.ecartelera.com/cines/570,0,1.html','Sin rodeos','16:40'),('https://www.ecartelera.com/cines/570,0,1.html','Sin rodeos','20:50'),('https://www.ecartelera.com/cines/61,0,1.html','Sin rodeos','16:25'),('https://www.ecartelera.com/cines/61,0,1.html','Sin rodeos','18:25'),('https://www.ecartelera.com/cines/61,0,1.html','Sin rodeos','21:50'),('https://www.ecartelera.com/cines/62,0,1.html','Sin rodeos','20:00'),('https://www.ecartelera.com/cines/73,0,1.html','Sin rodeos','00:45'),('https://www.ecartelera.com/cines/73,0,1.html','Sin rodeos','12:30'),('https://www.ecartelera.com/cines/73,0,1.html','Sin rodeos','16:00'),('https://www.ecartelera.com/cines/73,0,1.html','Sin rodeos','18:10'),('https://www.ecartelera.com/cines/73,0,1.html','Sin rodeos','20:20'),('https://www.ecartelera.com/cines/73,0,1.html','Sin rodeos','22:30'),('https://www.ecartelera.com/cines/74,0,1.html','Sin rodeos','00:50'),('https://www.ecartelera.com/cines/74,0,1.html','Sin rodeos','17:00'),('https://www.ecartelera.com/cines/74,0,1.html','Sin rodeos','20:20'),('https://www.ecartelera.com/cines/74,0,1.html','Sin rodeos','22:30'),('https://www.ecartelera.com/cines/75,0,1.html','Sin rodeos','00:45'),('https://www.ecartelera.com/cines/75,0,1.html','Sin rodeos','16:05'),('https://www.ecartelera.com/cines/75,0,1.html','Sin rodeos','18:05'),('https://www.ecartelera.com/cines/75,0,1.html','Sin rodeos','20:05'),('https://www.ecartelera.com/cines/77,0,1.html','Sin rodeos','16:00'),('https://www.ecartelera.com/cines/78,0,1.html','Sin rodeos','00:40'),('https://www.ecartelera.com/cines/78,0,1.html','Sin rodeos','15:55'),('https://www.ecartelera.com/cines/78,0,1.html','Sin rodeos','17:55'),('https://www.ecartelera.com/cines/78,0,1.html','Sin rodeos','20:40'),('https://www.ecartelera.com/cines/78,0,1.html','Sin rodeos','22:40'),('https://www.ecartelera.com/cines/82,0,1.html','Sin rodeos','21:30'),('https://www.ecartelera.com/cines/85,0,1.html','Sin rodeos','20:30'),('https://www.ecartelera.com/cines/dreams-cinema-palacio-hielo/','Sin rodeos','16:00'),('https://www.ecartelera.com/cines/dreams-cinema-palacio-hielo/','Sin rodeos','18:00'),('https://www.ecartelera.com/cines/dreams-cinema-palacio-hielo/','Sin rodeos','20:00'),('https://www.ecartelera.com/cines/11,0,1.html','Tomb Raider','17:50'),('https://www.ecartelera.com/cines/11,0,1.html','Tomb Raider','20:20'),('https://www.ecartelera.com/cines/11,0,1.html','Tomb Raider','22:50'),('https://www.ecartelera.com/cines/16,0,1.html','Tomb Raider','00:15'),('https://www.ecartelera.com/cines/16,0,1.html','Tomb Raider','16:00'),('https://www.ecartelera.com/cines/16,0,1.html','Tomb Raider','22:30'),('https://www.ecartelera.com/cines/17,0,1.html','Tomb Raider','12:10'),('https://www.ecartelera.com/cines/17,0,1.html','Tomb Raider','16:30'),('https://www.ecartelera.com/cines/17,0,1.html','Tomb Raider','20:00'),('https://www.ecartelera.com/cines/30,0,1.html','Tomb Raider','11:15'),('https://www.ecartelera.com/cines/30,0,1.html','Tomb Raider','13:45'),('https://www.ecartelera.com/cines/30,0,1.html','Tomb Raider','16:15'),('https://www.ecartelera.com/cines/30,0,1.html','Tomb Raider','19:00'),('https://www.ecartelera.com/cines/30,0,1.html','Tomb Raider','21:30'),('https://www.ecartelera.com/cines/50,0,1.html','Tomb Raider','00:35'),('https://www.ecartelera.com/cines/50,0,1.html','Tomb Raider','12:15'),('https://www.ecartelera.com/cines/50,0,1.html','Tomb Raider','16:35'),('https://www.ecartelera.com/cines/50,0,1.html','Tomb Raider','19:00'),('https://www.ecartelera.com/cines/50,0,1.html','Tomb Raider','21:35'),('https://www.ecartelera.com/cines/515,0,1.html','Tomb Raider','00:45'),('https://www.ecartelera.com/cines/515,0,1.html','Tomb Raider','17:00'),('https://www.ecartelera.com/cines/515,0,1.html','Tomb Raider','19:30'),('https://www.ecartelera.com/cines/515,0,1.html','Tomb Raider','21:30'),('https://www.ecartelera.com/cines/515,0,1.html','Tomb Raider','22:15'),('https://www.ecartelera.com/cines/518,0,1.html','Tomb Raider','17:40'),('https://www.ecartelera.com/cines/518,0,1.html','Tomb Raider','20:10'),('https://www.ecartelera.com/cines/518,0,1.html','Tomb Raider','22:40'),('https://www.ecartelera.com/cines/53,0,1.html','Tomb Raider','00:50'),('https://www.ecartelera.com/cines/53,0,1.html','Tomb Raider','12:00'),('https://www.ecartelera.com/cines/53,0,1.html','Tomb Raider','16:30'),('https://www.ecartelera.com/cines/53,0,1.html','Tomb Raider','19:15'),('https://www.ecartelera.com/cines/53,0,1.html','Tomb Raider','22:00'),('https://www.ecartelera.com/cines/56,0,1.html','Tomb Raider','17:45'),('https://www.ecartelera.com/cines/56,0,1.html','Tomb Raider','19:15'),('https://www.ecartelera.com/cines/56,0,1.html','Tomb Raider','20:15'),('https://www.ecartelera.com/cines/56,0,1.html','Tomb Raider','21:45'),('https://www.ecartelera.com/cines/56,0,1.html','Tomb Raider','22:45'),('https://www.ecartelera.com/cines/57,0,1.html','Tomb Raider','00:40'),('https://www.ecartelera.com/cines/57,0,1.html','Tomb Raider','12:00'),('https://www.ecartelera.com/cines/57,0,1.html','Tomb Raider','15:50'),('https://www.ecartelera.com/cines/57,0,1.html','Tomb Raider','18:30'),('https://www.ecartelera.com/cines/57,0,1.html','Tomb Raider','22:10'),('https://www.ecartelera.com/cines/570,0,1.html','Tomb Raider','00:40'),('https://www.ecartelera.com/cines/570,0,1.html','Tomb Raider','12:30'),('https://www.ecartelera.com/cines/570,0,1.html','Tomb Raider','16:50'),('https://www.ecartelera.com/cines/570,0,1.html','Tomb Raider','19:30'),('https://www.ecartelera.com/cines/570,0,1.html','Tomb Raider','22:10'),('https://www.ecartelera.com/cines/61,0,1.html','Tomb Raider','17:15'),('https://www.ecartelera.com/cines/61,0,1.html','Tomb Raider','20:00'),('https://www.ecartelera.com/cines/62,0,1.html','Tomb Raider','19:15'),('https://www.ecartelera.com/cines/62,0,1.html','Tomb Raider','22:00'),('https://www.ecartelera.com/cines/70,0,1.html','Tomb Raider','16:00'),('https://www.ecartelera.com/cines/70,0,1.html','Tomb Raider','22:05'),('https://www.ecartelera.com/cines/71,0,1.html','Tomb Raider','00:45'),('https://www.ecartelera.com/cines/71,0,1.html','Tomb Raider','20:15'),('https://www.ecartelera.com/cines/71,0,1.html','Tomb Raider','22:20'),('https://www.ecartelera.com/cines/73,0,1.html','Tomb Raider','00:50'),('https://www.ecartelera.com/cines/73,0,1.html','Tomb Raider','12:30'),('https://www.ecartelera.com/cines/73,0,1.html','Tomb Raider','16:30'),('https://www.ecartelera.com/cines/73,0,1.html','Tomb Raider','19:15'),('https://www.ecartelera.com/cines/73,0,1.html','Tomb Raider','22:00'),('https://www.ecartelera.com/cines/74,0,1.html','Tomb Raider','00:35'),('https://www.ecartelera.com/cines/74,0,1.html','Tomb Raider','17:00'),('https://www.ecartelera.com/cines/74,0,1.html','Tomb Raider','19:15'),('https://www.ecartelera.com/cines/74,0,1.html','Tomb Raider','20:15'),('https://www.ecartelera.com/cines/74,0,1.html','Tomb Raider','22:00'),('https://www.ecartelera.com/cines/75,0,1.html','Tomb Raider','00:35'),('https://www.ecartelera.com/cines/75,0,1.html','Tomb Raider','12:20'),('https://www.ecartelera.com/cines/75,0,1.html','Tomb Raider','17:00'),('https://www.ecartelera.com/cines/75,0,1.html','Tomb Raider','19:30'),('https://www.ecartelera.com/cines/75,0,1.html','Tomb Raider','22:10'),('https://www.ecartelera.com/cines/78,0,1.html','Tomb Raider','00:20'),('https://www.ecartelera.com/cines/78,0,1.html','Tomb Raider','12:15'),('https://www.ecartelera.com/cines/78,0,1.html','Tomb Raider','16:40'),('https://www.ecartelera.com/cines/78,0,1.html','Tomb Raider','19:20'),('https://www.ecartelera.com/cines/78,0,1.html','Tomb Raider','21:50'),('https://www.ecartelera.com/cines/82,0,1.html','Tomb Raider','00:40'),('https://www.ecartelera.com/cines/82,0,1.html','Tomb Raider','12:00'),('https://www.ecartelera.com/cines/82,0,1.html','Tomb Raider','16:30'),('https://www.ecartelera.com/cines/82,0,1.html','Tomb Raider','19:10'),('https://www.ecartelera.com/cines/82,0,1.html','Tomb Raider','22:00'),('https://www.ecartelera.com/cines/85,0,1.html','Tomb Raider','16:00'),('https://www.ecartelera.com/cines/85,0,1.html','Tomb Raider','18:00'),('https://www.ecartelera.com/cines/85,0,1.html','Tomb Raider','20:15'),('https://www.ecartelera.com/cines/85,0,1.html','Tomb Raider','22:30'),('https://www.ecartelera.com/cines/86,0,1.html','Tomb Raider','18:00'),('https://www.ecartelera.com/cines/86,0,1.html','Tomb Raider','22:20'),('https://www.ecartelera.com/cines/cine-septimo-oficio-burgo-centro/','Tomb Raider','22:15'),('https://www.ecartelera.com/cines/dreams-cinema-palacio-hielo/','Tomb Raider','18:00'),('https://www.ecartelera.com/cines/dreams-cinema-palacio-hielo/','Tomb Raider','20:30'),('https://www.ecartelera.com/cines/dreams-cinema-palacio-hielo/','Tomb Raider','23:15'),('https://www.ecartelera.com/cines/villa-del-prado/','Tomb Raider','21:00'),('https://www.ecartelera.com/cines/villa-del-prado/','Tomb Raider','22:30'),('https://www.ecartelera.com/cines/villa-del-prado/','Tomb Raider','23:00'),('https://www.ecartelera.com/cines/35,0,1.html','Tres anuncios en las afueras','18:25'),('https://www.ecartelera.com/cines/35,0,1.html','Tres anuncios en las afueras','20:15'),('https://www.ecartelera.com/cines/35,0,1.html','Tres anuncios en las afueras','22:30'),('https://www.ecartelera.com/cines/50,0,1.html','Tres anuncios en las afueras','00:20'),('https://www.ecartelera.com/cines/50,0,1.html','Tres anuncios en las afueras','19:20'),('https://www.ecartelera.com/cines/51,0,1.html','Tres anuncios en las afueras','VOSE:'),('https://www.ecartelera.com/cines/515,0,1.html','Tres anuncios en las afueras','17:00'),('https://www.ecartelera.com/cines/515,0,1.html','Tres anuncios en las afueras','19:35'),('https://www.ecartelera.com/cines/515,0,1.html','Tres anuncios en las afueras','22:00'),('https://www.ecartelera.com/cines/518,0,1.html','Tres anuncios en las afueras','23:20'),('https://www.ecartelera.com/cines/73,0,1.html','Tres anuncios en las afueras','00:00'),('https://www.ecartelera.com/cines/73,0,1.html','Tres anuncios en las afueras','21:20'),('https://www.ecartelera.com/cines/74,0,1.html','Tres anuncios en las afueras','00:40'),('https://www.ecartelera.com/cines/74,0,1.html','Tres anuncios en las afueras','19:20'),('https://www.ecartelera.com/cines/74,0,1.html','Tres anuncios en las afueras','22:00'),('https://www.ecartelera.com/cines/77,0,1.html','Tres anuncios en las afueras','22:20'),('https://www.ecartelera.com/cines/9,0,1.html','Tres anuncios en las afueras','20:00'),('https://www.ecartelera.com/cines/dreams-cinema-palacio-hielo/','Tres anuncios en las afueras','20:00'),('https://www.ecartelera.com/cines/dreams-cinema-palacio-hielo/','Tres anuncios en las afueras','22:25'),('https://www.ecartelera.com/cines/16,0,1.html','Un pliegue en el tiempo','18:15'),('https://www.ecartelera.com/cines/17,0,1.html','Un pliegue en el tiempo','12:00'),('https://www.ecartelera.com/cines/50,0,1.html','Un pliegue en el tiempo','12:05'),('https://www.ecartelera.com/cines/50,0,1.html','Un pliegue en el tiempo','14:40'),('https://www.ecartelera.com/cines/50,0,1.html','Un pliegue en el tiempo','17:00'),('https://www.ecartelera.com/cines/515,0,1.html','Un pliegue en el tiempo','17:00'),('https://www.ecartelera.com/cines/515,0,1.html','Un pliegue en el tiempo','19:00'),('https://www.ecartelera.com/cines/518,0,1.html','Un pliegue en el tiempo','18:15'),('https://www.ecartelera.com/cines/53,0,1.html','Un pliegue en el tiempo','12:30'),('https://www.ecartelera.com/cines/56,0,1.html','Un pliegue en el tiempo','16:45'),('https://www.ecartelera.com/cines/56,0,1.html','Un pliegue en el tiempo','17:45'),('https://www.ecartelera.com/cines/56,0,1.html','Un pliegue en el tiempo','19:15'),('https://www.ecartelera.com/cines/57,0,1.html','Un pliegue en el tiempo','16:00'),('https://www.ecartelera.com/cines/570,0,1.html','Un pliegue en el tiempo','16:15'),('https://www.ecartelera.com/cines/570,0,1.html','Un pliegue en el tiempo','18:30'),('https://www.ecartelera.com/cines/61,0,1.html','Un pliegue en el tiempo','15:20'),('https://www.ecartelera.com/cines/61,0,1.html','Un pliegue en el tiempo','17:40'),('https://www.ecartelera.com/cines/61,0,1.html','Un pliegue en el tiempo','19:20'),('https://www.ecartelera.com/cines/62,0,1.html','Un pliegue en el tiempo','18:10'),('https://www.ecartelera.com/cines/70,0,1.html','Un pliegue en el tiempo','16:00'),('https://www.ecartelera.com/cines/71,0,1.html','Un pliegue en el tiempo','16:00'),('https://www.ecartelera.com/cines/71,0,1.html','Un pliegue en el tiempo','18:00'),('https://www.ecartelera.com/cines/73,0,1.html','Un pliegue en el tiempo','12:20'),('https://www.ecartelera.com/cines/73,0,1.html','Un pliegue en el tiempo','16:00'),('https://www.ecartelera.com/cines/73,0,1.html','Un pliegue en el tiempo','18:20'),('https://www.ecartelera.com/cines/74,0,1.html','Un pliegue en el tiempo','18:00'),('https://www.ecartelera.com/cines/74,0,1.html','Un pliegue en el tiempo','20:15'),('https://www.ecartelera.com/cines/75,0,1.html','Un pliegue en el tiempo','12:15'),('https://www.ecartelera.com/cines/75,0,1.html','Un pliegue en el tiempo','17:00'),('https://www.ecartelera.com/cines/78,0,1.html','Un pliegue en el tiempo','12:05'),('https://www.ecartelera.com/cines/78,0,1.html','Un pliegue en el tiempo','15:50'),('https://www.ecartelera.com/cines/78,0,1.html','Un pliegue en el tiempo','18:05'),('https://www.ecartelera.com/cines/82,0,1.html','Un pliegue en el tiempo','16:30'),('https://www.ecartelera.com/cines/85,0,1.html','Un pliegue en el tiempo','18:30'),('https://www.ecartelera.com/cines/dreams-cinema-palacio-hielo/','Un pliegue en el tiempo','16:00'),('https://www.ecartelera.com/cines/dreams-cinema-palacio-hielo/','Un pliegue en el tiempo','18:10'),('https://www.ecartelera.com/cines/515,0,1.html','Una familia feliz','12:20'),('https://www.ecartelera.com/cines/515,0,1.html','Una familia feliz','18:35'),('https://www.ecartelera.com/cines/518,0,1.html','Una familia feliz','16:45'),('https://www.ecartelera.com/cines/57,0,1.html','Una familia feliz','12:30'),('https://www.ecartelera.com/cines/70,0,1.html','Una familia feliz','16:00'),('https://www.ecartelera.com/cines/71,0,1.html','Una familia feliz','16:30'),('https://www.ecartelera.com/cines/73,0,1.html','Una familia feliz','12:30'),('https://www.ecartelera.com/cines/74,0,1.html','Una familia feliz','16:45'),('https://www.ecartelera.com/cines/78,0,1.html','Una familia feliz','12:00'),('https://www.ecartelera.com/cines/86,0,1.html','Una familia feliz','12:00'),('https://www.ecartelera.com/cines/86,0,1.html','Una familia feliz','16:00'),('https://www.ecartelera.com/cines/dreams-cinema-palacio-hielo/','Una familia feliz','16:00'),('https://www.ecartelera.com/cines/16,0,1.html','Winchester: La casa que construyeron los espíritus','00:45'),('https://www.ecartelera.com/cines/518,0,1.html','Winchester: La casa que construyeron los espíritus','15:50'),('https://www.ecartelera.com/cines/53,0,1.html','Winchester: La casa que construyeron los espíritus','01:00'),('https://www.ecartelera.com/cines/53,0,1.html','Winchester: La casa que construyeron los espíritus','20:45'),('https://www.ecartelera.com/cines/570,0,1.html','Winchester: La casa que construyeron los espíritus','01:00'),('https://www.ecartelera.com/cines/71,0,1.html','Winchester: La casa que construyeron los espíritus','01:00'),('https://www.ecartelera.com/cines/73,0,1.html','Winchester: La casa que construyeron los espíritus','01:00'),('https://www.ecartelera.com/cines/73,0,1.html','Winchester: La casa que construyeron los espíritus','18:00'),('https://www.ecartelera.com/cines/73,0,1.html','Winchester: La casa que construyeron los espíritus','22:45'),('https://www.ecartelera.com/cines/74,0,1.html','Winchester: La casa que construyeron los espíritus','00:50'),('https://www.ecartelera.com/cines/75,0,1.html','Winchester: La casa que construyeron los espíritus','00:50'),('https://www.ecartelera.com/cines/75,0,1.html','Winchester: La casa que construyeron los espíritus','18:25'),('https://www.ecartelera.com/cines/75,0,1.html','Winchester: La casa que construyeron los espíritus','20:30'),('https://www.ecartelera.com/cines/75,0,1.html','Winchester: La casa que construyeron los espíritus','22:40'),('https://www.ecartelera.com/cines/78,0,1.html','Winchester: La casa que construyeron los espíritus','00:50'),('https://www.ecartelera.com/cines/82,0,1.html','Winchester: La casa que construyeron los espíritus','00:50'),('https://www.ecartelera.com/cines/dreams-cinema-palacio-hielo/','Winchester: La casa que construyeron los espíritus','22:50');
/*!40000 ALTER TABLE `Pases` ENABLE KEYS */;
UNLOCK TABLES;

--
-- Table structure for table `Pelicula`
--

DROP TABLE IF EXISTS `Pelicula`;
/*!40101 SET @saved_cs_client     = @@character_set_client */;
/*!40101 SET character_set_client = utf8 */;
CREATE TABLE `Pelicula` (
  `nombre` varchar(255) NOT NULL,
  PRIMARY KEY (`nombre`)
) ENGINE=InnoDB DEFAULT CHARSET=utf8;
/*!40101 SET character_set_client = @saved_cs_client */;

--
-- Dumping data for table `Pelicula`
--

LOCK TABLES `Pelicula` WRITE;
/*!40000 ALTER TABLE `Pelicula` DISABLE KEYS */;
INSERT INTO `Pelicula` VALUES ('Black Panther'),('Cavernícola'),('El aviso'),('El Cairo confidencial'),('El hijo de Bigfoot'),('Gorrión rojo'),('La casa junto al mar'),('La forma del agua'),('La tribu'),('Lady Bird'),('Loving Pablo'),('María Magdalena'),('Pacific Rim: Insurrección'),('Peter Rabbit'),('Ready Player One'),('Sin rodeos'),('Tomb Raider'),('Tres anuncios en las afueras'),('Un pliegue en el tiempo'),('Una familia feliz'),('Winchester: La casa que construyeron los espíritus');
/*!40000 ALTER TABLE `Pelicula` ENABLE KEYS */;
UNLOCK TABLES;
/*!40103 SET TIME_ZONE=@OLD_TIME_ZONE */;

/*!40101 SET SQL_MODE=@OLD_SQL_MODE */;
/*!40014 SET FOREIGN_KEY_CHECKS=@OLD_FOREIGN_KEY_CHECKS */;
/*!40014 SET UNIQUE_CHECKS=@OLD_UNIQUE_CHECKS */;
/*!40101 SET CHARACTER_SET_CLIENT=@OLD_CHARACTER_SET_CLIENT */;
/*!40101 SET CHARACTER_SET_RESULTS=@OLD_CHARACTER_SET_RESULTS */;
/*!40101 SET COLLATION_CONNECTION=@OLD_COLLATION_CONNECTION */;
/*!40111 SET SQL_NOTES=@OLD_SQL_NOTES */;

-- Dump completed on 2018-03-31 20:25:15
